time,joint,target,q,dq,tau
0.0,shoulder,0.0,0.0,0.0,0.0
0.0,elbow,3.67394039744206e-15,2.2043642384652358e-17,2.204364238465236e-15,2.204364238465236e-13
0.0,wrist,0.0,0.0,0.0,0.0
0.01,shoulder,0.3769811965005782,0.0015079247860023128,0.1507924786002313,15.079247860023129
0.01,elbow,-0.9423227723438398,-0.0056539366340629975,-0.5653936634063019,-56.539366340630416
0.01,wrist,0.9418577929397006,0.007534862343517606,0.7534862343517605,75.34862343517605
0.02,shoulder,0.7539028633001243,0.005904795343180929,0.4396870557178616,28.88945771176303
0.02,elbow,-1.8837155858794004,-0.02189777076751048,-1.624383413344748,-105.8989749938446
0.02,wrist,1.8799985034645639,0.028843855841040766,2.130899349752316,137.74131154005553
0.03,shoulder,1.1307054800980363,0.014449118994804677,0.8544323651623748,41.47453094445132
0.03,elbow,-2.823249399555423,-0.05300045457767174,-3.110268381016126,-148.5884967671378
0.03,wrist,2.810719718785869,0.06899841728251885,4.015456144147808,188.4556794395492
0.04,shoulder,1.5073295453930866,0.028281418459891655,1.3832299465086977,52.879758134632276
0.04,elbow,-3.7599970069291286,-0.1026127956447224,-4.961234106705065,-185.09657256889392
0.04,wrist,3.730348307472822,0.13201904801488284,6.3020630732364005,228.6606929088593
0.05,shoulder,1.8837155858794012,0.04842887063744972,2.014745217755806,63.15152712471081
0.05,elbow,-4.693033951206922,-0.17381418271710017,-7.1201387072377775,-215.8904600532712
0.05,wrist,4.635254915624211,0.22098226477094324,8.896321675606039,259.42586023696384
0.06,shoulder,2.2598041658379815,0.07581002782160526,2.7381157184155542,72.33705006597484
0.06,elbow,-5.62143943757173,-0.2691571548699204,-9.534297215282022,-241.41585080442445
0.06,wrist,5.521868290270168,0.3381184550500278,11.713619027908454,281.7297352302414
0.07,shoulder,2.6355358965222955,0.11123959590583113,3.542956808422586,80.48410900070317
0.07,elbow,-6.544297241896276,-0.3907098108865603,-12.155265601663992,-262.096838638197
0.07,wrist,6.386689373476091,0.4849014222318673,14.678296718183951,296.46776902754976
0.08,shoulder,3.010851445536447,0.15543324594184138,4.419365003601025,87.64081951784395
0.08,elbow,-7.460696614945637,-0.5400960690055578,-14.938625811899758,-278.3360210235767
0.08,wrist,7.22630511152573,0.6621303441789633,17.72289219470961,304.4595476525658
0.09,shoulder,3.3856915462044506,0.20901243717602125,5.357919123417987,93.85541198169616
0.09,elbow,-8.369733181176878,-0.7185337988233036,-17.843772981774578,-290.5147169874821
0.09,wrist,8.03740192468495,0.8700048112585719,20.78744670796086,306.4554513251252
0.1,shoulder,3.7599970069291277,0.27250923139047917,6.34967942144579,99.17602980278036
0.1,elbow,-9.270509831248418,-0.9268708572574706,-20.8337058434167,-298.993286164212
0.1,wrist,8.816778784387097,1.1081935553904714,23.818874413189942,303.1427705229082
0.11,shoulder,4.1337087205391425,0.3463710800243751,7.386184863389593,103.6505441943802
0.11,elbow,-10.162137607358734,-1.1656190691801451,-23.87482119226745,-304.11153488507534
0.11,wrist,9.561359846230344,1.3758974307879859,26.77038753975145,295.15131265615076
0.12,shoulder,4.506767673622712,0.4309655671419527,8.45944871175776,107.32638483681673
0.12,elbow,-11.043736580540337,-1.4349862007402598,-26.93671315601147,-306.18919637440206
0.12,wrist,10.26820658893033,1.671907159387037,29.60097285990509,283.05853201536416
0.13,shoulder,4.879114955846507,0.5265850928449424,9.561952570298962,110.2503858541201
0.13,elbow,-11.914436719043412,-1.7349059796229798,-29.991977888271986,-305.5264732260515
0.13,wrist,10.934529411321174,1.9946563094257128,32.274915003867584,267.39421439624937
0.14,shoulder,5.250691769258282,0.6334514831973461,10.68663903524038,112.46864649414188
0.14,elbow,-12.77337874695218,-2.0650662216437485,-33.01602420207687,-302.4046313804881
0.14,wrist,11.557698641636838,2.3422699341158895,34.76136246901767,248.6447465150087
0.15,shoulder,5.621439437571738,0.7517205141390552,11.826903094170907,114.0264058930526
0.15,elbow,-13.619714992186399,-2.424935127245281,-35.986890560153235,-297.0866358076365
0.15,wrist,12.135254915624213,2.7126092587077046,37.0339324591815,227.25699901638313
0.16,shoulder,5.991299415432211,0.8814863382106002,12.976582407154497,114.96793129835898
0.16,elbow,-14.45261022305145,-2.8137858147494663,-38.88506875041855,-289.8178190265313
0.16,wrist,12.664918882530227,3.1033127683554094,39.070350964770476,203.64185055889777
0.17,shoulder,6.360213297661639,1.0227858041942257,14.129946598362553,115.33641912080559
0.17,elbow,-15.271242472511137,-3.23071915969972,-41.693334495025326,-280.82657446067776
0.17,wrist,13.144600200657955,3.511834015917902,40.85212475624924,178.17737914787608
0.18,shoulder,6.728122828481435,1.1756026609963102,15.281685680208433,115.17390818458797
0.18,elbow,-16.074803849369893,-3.6746850113939638,-44.39658516942439,-270.3250674399064
0.18,wrist,13.572405786990293,3.935476438038975,42.36424221210727,151.21174558580344
0.19,shoulder,7.0949699107117405,1.3398716382530895,16.42689772567793,114.52120454694972
0.19,elbow,-16.862501335563916,-4.144501858829918,-46.98168474359544,-258.5099574171045
0.19,wrist,13.94664728832377,4.371425439422954,43.594900138397946,123.06579262906735
0.2,shoulder,7.460696614945644,1.5154823972360967,17.561075898300714,113.41781726227876
0.2,elbow,-17.63355756877419,-4.6388750188332235,-49.43731600033055,-245.56312567351108
0.2,wrist,14.265847744427303,4.816777979025532,44.535253960257755,94.03538218598067
0.21,shoulder,7.8252451886969085,1.7022833466663065,18.680094943020983,111.90190447202676
0.21,elbow,-18.387211609589286,-5.1564134191806685,-51.75384003474452,-231.65240344139727
0.21,wrist,14.528747416929466,5.268569867794929,45.17918887693966,64.39349166819068
0.22,shoulder,8.188558065519757,1.9000853190175133,19.780197235120685,110.01022920997013
0.22,elbow,-19.122719692460688,-5.6956450491261,-53.92316299454319,-216.9322959798668
0.22,wrist,14.734308760930329,5.723800965506305,45.523109771137634,34.39208941979746
0.23,shoulder,8.550577874099282,2.1086651038009507,20.85797847834374,107.77812432230527
0.23,elbow,-19.83935595970955,-6.2550311489415815,-55.938609981548076,-201.54469870048877
0.23,wrist,14.881720519717168,6.1794584440175475,45.5657478511243,4.263807998666948
0.24,shoulder,8.911247447311048,2.3277688351757533,21.910373137480278,105.23946591365399
0.24,elbow,-20.536413177860663,-6.832979208952719,-57.794806001113756,-185.61960195656798
0.24,wrist,14.970400926424073,6.632538265826244,45.30798218086963,-25.776567025466875
0.25,shoulder,9.270509831248422,2.5571152320248625,22.934639684910923,102.42665474306455
0.25,elbow,-21.213203435596423,-7.427854847122382,-59.48756381696633,-169.27578158525728
0.25,wrist,15.0,7.080065010018939,44.752674419269496,-55.5307761600136
0.26,shoulder,9.628308294216284,2.7963986893748087,23.92834573499462,99.37060500836944
0.26,elbow,-21.86905882264234,-8.037992632564805,-61.01377854424234,-152.62147272760149
0.26,wrist,14.970400926424073,7.519110162472043,43.904515245310485,-84.81591739590124
0.27,shoulder,9.9845863356896,3.0452922207220183,24.889353134720967,96.10073997263473
0.27,elbow,-22.503332088913783,-8.661705920492231,-62.371328792742645,-135.75502485003062
0.27,wrist,14.881720519717167,7.946808973390612,42.7698810918569,-113.46341534535793
0.28,shoulder,10.339287695235512,3.3034502514595054,25.815803073748686,92.64499390277203
0.28,elbow,-23.11539728327368,-9.297295762045055,-63.558984155282396,-118.76553625397514
0.28,wrist,14.734308760930329,8.360375972862528,41.35669994719157,-141.31811446653307
0.29,shoulder,10.69235636139752,3.5705112641777452,26.706101271823997,89.02981980753108
0.29,elbow,-23.704650371270713,-9.943058950266893,-64.57631882218391,-101.73346669015075
0.29,wrist,14.528747416929468,8.757119223971472,39.67432511089447,-168.2374836297099
0.3,shoulder,11.043736580540337,3.8461002971439764,27.558903296623114,85.28020247991168
0.3,elbow,-24.27050983124842,-10.597295261188002,-65.42363109211075,-84.73122699268481
0.3,wrist,14.265847744427305,9.134453383066631,37.733415909516026,-194.09092013784493
0.31,shoulder,11.393372865654031,4.129831297746949,28.373100060297286,81.41967636741725
0.31,elbow,-24.81241722823685,-11.25831394660087,-66.10186854128678,-67.82374491760186
0.31,wrist,13.946647288323772,9.489911627948624,35.54582448819917,-218.75914213168517
0.32,shoulder,11.741210005116073,4.421309333131161,29.147803538421154,77.47034781238668
0.32,elbow,-25.329837765060443,-11.92443953267495,-66.6125586074081,-51.069006612132966
0.32,wrist,13.572405786990291,9.821156506921831,33.12448789732064,-242.1336590878534
0.33,shoulder,12.08719307140988,4.72013266063775,29.88233275065895,73.45292122377955
0.33,elbow,-25.822260810118312,-12.594016976084802,-66.95774434098514,-34.51857335770444
0.33,wrist,13.144600200657951,10.125989754809213,30.483324788738233,-264.11631085824064
0.34,shoulder,12.431267429798524,5.025894661020455,30.576200038270542,69.38672876115933
0.34,elbow,-26.289200401315906,-13.265416226836859,-67.13992507520558,-18.218073422044426
0.34,wrist,12.664918882530225,10.402361116056383,27.637136124716925,-284.6188664021308
0.35000000000000003,shoulder,12.773378746952181,5.338185637716271,31.229097669581588,65.28976313110468
0.35000000000000003,elbow,-26.730195725651033,-13.937036244491553,-67.16200176546941,-2.207669026383428
0.35000000000000003,wrist,12.135254915624213,10.648376209900547,24.60150938441648,-303.56267403004443
0.36,shoulder,13.113472999527986,5.6565944857236685,31.840884800739747,61.178713115815896
0.36,elbow,-27.14481157398058,-14.607308512004618,-67.0272267513065,13.477501416291375
0.36,wrist,11.557698641636838,10.862303468183537,21.392725828298875,-320.8783556117604
0.37,shoulder,13.451496482700968,5.9807102338783835,32.41157481547149,57.069001473173984
0.37,elbow,-27.532638770519437,-15.274700088967204,-66.73915769625862,28.8069055047888
0.37,wrist,10.934529411321172,11.042580172686348,18.027670450281164,-336.5055378017712
0.38,shoulder,13.787395818644635,6.310123464519786,32.94132306414027,52.97482486687812
0.38,elbow,-27.893294576647545,-15.937716243620363,-66.30161546531579,43.75422309428302
0.38,wrist,10.268206588930333,11.18781761579866,14.523744311231365,-350.39261390497984
0.39,shoulder,14.121117964959975,6.6444276147116375,33.430415019185126,48.90919550448541
0.39,elbow,-28.226423068626765,-16.59490270066518,-65.71864570448173,58.29697608340541
0.39,wrist,9.561359846230348,11.296805405856459,10.898779005779696,-362.49653054516693
0.4,shoulder,14.45261022305146,6.9832201633215,33.879254860986244,44.883984180111895
0.4,elbow,-28.531695488854606,-17.244847539593756,-64.99448389285757,72.41618116241523
0.4,wrist,8.816778784387099,11.368514936533254,7.170953067679456,-372.78259381002397
0.41000000000000003,shoulder,14.781820246448747,7.326103708375082,34.28835450535824,40.90996443719996
0.41000000000000003,elbow,-28.80881057030829,-17.88618277603519,-64.13352364414338,86.09602487141899
0.41000000000000003,wrist,8.03740192468495,11.402102038206975,3.3587101673721,-381.2242900307356
0.42,shoulder,15.108696049072824,7.672686939187169,34.65832308120868,36.996857585043756
0.42,elbow,-29.05749483385893,-18.517585656450596,-63.140288041540416,99.32356026029629
0.42,wrist,7.226305111525734,11.39690882819945,-0.519321000752428,-387.8031168124528
0.43,shoulder,15.433186013445193,8.022585507831321,34.989856864415195,33.15337832065154
0.43,elbow,-29.277502858162418,-19.13777969442642,-62.01940379758266,112.08842439577563
0.43,wrist,6.386689373476093,11.352464776155342,-4.4444052044107245,-392.5084203658297
0.44,shoulder,15.755238898838872,8.375422804547972,35.283729671665,29.387280724980485
0.44,elbow,-29.46861752186066,-19.745535474809753,-60.775578038333286,124.38257592493744
0.44,wrist,5.521868290270172,11.268487000551211,-8.397777560413145,-395.337235600242
0.45,shoulder,16.0748038493699,8.730830641706577,35.54078371586057,25.705404419557112
0.45,elbow,-29.63065021785413,-20.339671250005352,-59.413577519559915,136.20005187733682
0.45,wrist,4.635254915624213,11.144879812364325,-12.36071881868864,-396.2941258275496
0.46,shoulder,16.391830402028074,9.08844985093378,35.76192092272032,22.113720685975295
0.46,elbow,-29.763441039434333,-20.919053350914055,-57.938210090870115,147.53674286898013
0.46,wrist,3.7303483074728225,10.981733522248208,-16.31462901161166,-395.39101929230196
0.47000000000000003,shoulder,16.706268494645638,9.447930797997653,35.94809470638744,18.617378366711762
0.47000000000000003,elbow,-29.8668589380924,-21.482596433236782,-56.35430823227271,158.39018585974077
0.47000000000000003,wrist,2.810719718785869,10.779322528122972,-20.241099412523667,-392.6470400912005
0.48,shoulder,17.018068473802696,9.808933819999638,36.100302200198456,15.220749381102223
0.48,elbow,-29.940801852848146,-22.02926357819845,-54.6667144961668,168.75937361059067
0.48,wrist,1.879998503464568,10.538102700860506,-24.121982726246603,-388.0883313722936
0.49,shoulder,17.327181102668025,10.171129589372137,36.21957693724993,11.927473705147804
0.49,elbow,-29.98519681097195,-22.558066265161358,-52.880268696290884,178.64457998759156
0.49,wrist,0.9418577929397037,10.258708086696668,-27.93946141638379,-381.74786901371857
0.5,shoulder,17.633557568774194,10.534199409112444,36.30698197403076,8.740503678082803
0.5,elbow,-30.0,-23.06806423209775,-50.99979669363916,188.04720026517202
0.5,wrist,1.83697019872103e-15,9.941946946105471,-31.676114059119715,-373.66526427359264
0.51,shoulder,17.937149491725563,10.89783544360398,36.36360344915355,5.662147512278636
0.51,elbow,-29.98519681097195,-23.55836523847502,-49.03010063772698,196.96960559121806
0.51,wrist,-0.9418577929397002,9.588797150096504,-35.3149796008967,-363.8865541776983
0.52,shoulder,18.237908930838163,11.26174088928513,36.39054456811494,2.6941118961388497
0.52,elbow,-29.940801852848146,-24.028124743773255,-46.97595052982362,205.41501079033617
0.52,wrist,-1.8799985034645643,9.200400956220482,-38.839619387602085,-352.46397867053827
0.53,shoulder,18.535788392710028,11.625630089325487,36.388920004035704,-0.16245640792362792
0.53,elbow,-29.8668589380924,-24.476545513601618,-44.842076982836275,213.38735469873478
0.53,wrist,-2.8107197187858715,8.778059187964574,-42.234176825590836,-339.4557437988749
0.54,shoulder,18.830740838721017,11.989228596360197,36.35985070347106,-2.9069300564644323
0.54,elbow,-29.763441039434337,-24.902877164205574,-42.633165060395555,220.89119224407222
0.54,wrist,-3.730348307472825,8.323224842666113,-45.48343452984622,-324.92577042553853
0.55,shoulder,19.12271969246069,12.352273187216532,36.304459085633574,-5.539161783748739
0.55,elbow,-29.630650217854132,-25.306415655058945,-40.353849085337224,227.93159750583317
0.55,wrist,-4.635254915624216,7.837496154549082,-48.57286881170309,-308.9434281856868
0.56,shoulder,19.41167884708333,12.714511833443828,36.22386462272961,-8.059446290396693
0.56,elbow,-29.468617521860658,-25.686502738210724,-38.008708315177785,234.51407701594388
0.56,wrist,-5.521868290270175,7.322609140972222,-51.488701357686,-291.583254598291
0.5700000000000001,shoulder,19.697572672588695,13.07570363132952,36.119179788569184,-10.468483416042147
0.5700000000000001,elbow,-29.27750285816242,-26.042525372104,-35.60226338932747,240.64449258503157
0.5700000000000001,wrist,-6.38668937347609,6.780429661452073,-54.21794795201489,-272.92465943288903
0.58,shoulder,19.980356023027547,13.435618694951147,35.99150636216286,-12.767342640632364
0.58,elbow,-29.057494833858932,-26.37391510670061,-33.13897345966113,246.32899296663356
0.58,wrist,-7.226305111525725,6.2129450204713255,-56.74846409807474,-253.0516146059855
0.59,shoulder,20.259984243630733,13.794038015677764,35.84193207266166,-14.957428950119436
0.59,elbow,-28.808810570308292,-26.680147445927275,-30.623233922666405,251.5739536994727
0.59,wrist,-8.037401924684946,5.622255146486247,-59.0689873985078,-232.05233004330591
0.6,shoulder,20.53641317786066,14.150753291394983,35.67152757172189,-17.040450093977483
0.6,elbow,-28.53169548885461,-26.960741192704305,-28.059374677702834,256.38592449635684
0.6,wrist,-8.816778784387095,5.010563380891795,-61.169176559445226,-210.01891609374252
0.61,shoulder,20.809599174384147,14.50556672858678,35.481343719179804,-19.018385254208567
0.61,elbow,-28.226423068626765,-27.215257781123626,-25.45165884193197,260.7715835770864
0.61,wrist,-9.561359846230344,4.380166911975477,-63.039646891631705,-187.04703321864747
0.62,shoulder,21.079499093965477,14.858290820264749,35.2724091677969,-20.893455138290562
0.62,elbow,-27.89329457664755,-27.443300599705772,-22.804281858214487,264.73769837174825
0.62,wrist,-10.268206588930331,3.7334468900785245,-64.67200218969528,-163.23552980635736
0.63,shoulder,21.34607031627856,15.208748102592535,35.04572823277867,-22.66809350182274
0.63,elbow,-27.532638770519444,-27.644514309082943,-20.121370937716954,268.2910920497535
0.63,wrist,-10.93452941132117,3.0728582612738866,-66.05886288046379,-138.68606907685103
0.64,shoulder,21.609270746637208,15.556770892910277,34.80227903177425,-24.344920100442494
0.64,elbow,-27.144811573980586,-27.81858415692424,-17.406984784129506,271.43861535874487
0.64,wrist,-11.55769864163684,2.400919357854705,-67.19389034191816,-113.50274614543741
0.65,shoulder,21.869058822642348,15.902201011721528,34.54301188112514,-25.92671506491115
0.65,elbow,-26.73019572565104,-27.96523529243694,-14.665113551270046,274.187123285946
0.65,wrist,-12.13525491562421,1.720201284794761,-68.0718073059944,-87.7916964076228
0.66,shoulder,22.125393520745217,16.244889491063976,34.268847934244604,-27.416394688053572
0.66,elbow,-26.289200401315902,-28.08423208234139,-11.899678990445018,276.5434560825028
0.66,wrist,-12.66491888253023,1.033317142085808,-68.6884142708953,-61.660696490089094
0.67,shoulder,22.378234362725465,16.58469627154567,33.98067804816963,-28.81698860749728
0.67,elbow,-25.8222608101183,-28.175377429823968,-9.114534748257762,278.5144242187256
0.67,wrist,-13.144600200657953,0.3429111234683374,-69.04060186174706,-35.218759085176316
0.68,shoulder,22.627541422083112,16.92148989019098,33.67936186453104,-30.13161836385936
0.68,elbow,-25.32983776506045,-28.238512097620056,-6.313466779608721,280.1067968649042
0.68,wrist,-13.572405786990297,-0.34835246745400694,-69.12635909223444,-8.5757230487377
0.6900000000000001,shoulder,22.873275330343436,17.255147161105274,33.36572709142954,-31.363477310150074
0.6900000000000001,elbow,-24.812417228236853,-28.273514036064313,-3.5001938444257523,281.3272935182968
0.6900000000000001,wrist,-13.946647288323772,-1.0378002423957344,-68.94477749417274,18.158159806169806
0.7000000000000001,shoulder,23.115397283273676,17.5855528508351,33.04056897298254,-32.51581184470024
0.7000000000000001,elbow,-24.270509831248425,-28.280297716666364,-0.6783680602051292,282.1825784220623
0.7000000000000001,wrist,-14.265847744427303,-1.722760753363038,-68.49605109673035,44.87263974423831
0.71,shoulder,23.3538690470107,17.91259935017124,32.70464993361418,-33.5919039368363
0.71,elbow,-23.70465037127072,-28.258813471523794,2.148424514256873,282.6792574462002
0.71,wrist,-14.528747416929464,-2.4005754758841045,-67.78147225210664,71.45788446237157
0.72,shoulder,23.588652964098568,18.2361863440162,32.35869938449597,-34.59505491182037
0.72,elbow,-23.115397283273687,-28.209046838668833,4.976663285496112,282.8238771239239
0.72,wrist,-14.73430876093033,-3.0686097090821702,-66.80342331980656,97.80489323000825
0.73,shoulder,23.819711959435057,18.556220480815238,32.00341367990384,-35.52857045921348
0.73,elbow,-22.5033320889138,-28.13101791325794,7.802892541089598,282.6229255593486
0.73,wrist,-14.881720519717167,-3.7242633514536254,-65.5653642371455,123.80590826610523
0.74,shoulder,24.047009546126297,18.8726150429316,31.639456211635952,-36.395746826788326
0.74,elbow,-21.869058822642348,-28.024780704352658,10.623720890528201,282.08283494386023
0.74,wrist,-14.970400926424073,-4.364981511645412,-64.07181601917858,149.35482179669225
0.75,shoulder,24.270509831248425,19.185289619231916,31.267457630031807,-37.19985816041458
0.75,elbow,-21.21320343559643,-27.890422496903472,13.435820744918555,281.2099854390353
0.75,wrist,-15.0,-4.988264914113349,-62.32834024679368,174.3475772384902
0.76,shoulder,24.49017752151552,19.494169781037343,30.888016180542703,-37.94414494891032
0.76,elbow,-20.53641317786067,-27.72806321843393,16.23592784695401,280.0107102035455
0.76,wrist,-14.970400926424073,-5.591680060284901,-60.34151461715527,198.68256296384084
0.77,shoulder,24.705977928852825,19.799186762489597,30.50169814522548,-38.63180353172234
0.77,elbow,-19.839355959709547,-27.53785480982839,19.02084086055416,278.491301360015
0.77,wrist,-14.881720519717168,-6.172869106744463,-58.11890464595624,222.26099711990287
0.78,shoulder,24.91787697587438,20.10027714627921,30.109038378961355,-39.265976626412595
0.78,elbow,-19.122719692460688,-27.319980599551307,21.78742102770828,276.65801671541215
0.78,wrist,-14.73430876093033,-6.729559423003983,-55.66903162595194,244.98730200043042
0.79,shoulder,25.125841201264254,20.397382555585597,29.710540930638462,-39.849744832289105
0.79,elbow,-18.387211609589293,-27.074654680567704,24.532591898360494,274.5170870652214
0.79,wrist,-14.528747416929466,-7.259572792613383,-53.001336960940016,266.76946650119237
0.8,shoulder,25.329837765060454,20.69044935298537,29.306679739977326,-40.38611906611345
0.8,elbow,-17.6335575687742,-26.80212128919137,27.253339137633336,272.07472392728425
0.8,wrist,-14.265847744427305,-7.760834222699791,-50.12614300864075,287.51939522992654
0.81,shoulder,25.529834453840756,20.979428346996585,28.897899401121293,-40.87803388560323
0.81,elbow,-16.862501335563927,-26.502654185058432,29.9467104132938,269.3371275660465
0.81,wrist,-13.946647288323769,-8.231380328497366,-47.054610579757416,307.1532428883338
0.8200000000000001,shoulder,25.72579968580957,21.264274506842153,28.484615984556783,-41.32834165645096
0.8200000000000001,elbow,-16.074803849369914,-26.176556031407316,32.60981536511166,266.31049518178554
0.8200000000000001,wrist,-13.572405786990293,-8.669367261035271,-43.798693253790574,325.59173259668444
0.8300000000000001,shoulder,25.917702515785063,21.544946685935848,28.067217909369404,-41.73980751873785
0.8300000000000001,elbow,-15.271242472511137,-25.824157774840955,35.239825656635965,263.0010291524308
0.8300000000000001,wrist,-13.144600200657951,-9.073078147884093,-40.371088684882224,342.7604568908348
0.84,shoulder,26.10551264008577,21.821407354518648,27.64606685827982,-42.115105108958346
0.84,elbow,-14.452610223051483,-25.445818023751823,37.833975108913336,259.4149452277368
0.84,wrist,-12.664918882530232,-9.440930018714273,-36.78518708301798,358.59016018642444
0.85,shoulder,26.289200401315906,22.09362234180201,27.22149872833634,-42.45681299434824
0.85,elbow,-13.61971499218641,-25.041922424603992,40.389559914782986,255.55848058696472
0.85,wrist,-12.135254915624213,-9.771480189386903,-33.05501706726306,373.0170015754925
0.86,shoulder,26.4687367930486,22.36156058790769,26.793824610568066,-42.767411776827174
0.86,elbow,-12.77337874695219,-24.612883035287993,42.90393893160011,251.43790168171233
0.86,wrist,-11.557698641636843,-10.063432080369912,-29.195189098300922,385.9827968962137
0.87,shoulder,26.644093464406335,22.625193905830912,26.36333179232208,-43.049281824598694
0.87,elbow,-11.91443671904341,-24.159137694792445,45.374534049554846,247.05951179547378
0.87,wrist,-10.934529411321174,-10.31564044744325,-25.220836707333785,397.4352390967138
0.88,shoulder,26.815242724537914,22.8844967535951,25.930284776419114,-43.30470159029656
0.88,elbow,-11.043736580540337,-23.68114938847085,47.79883063215953,242.4296582604684
0.88,wrist,-10.268206588930335,-10.527116004916751,-21.147555747350047,407.3280959983738
0.89,shoulder,26.98215754699113,23.13944601671174,25.494926311663995,-43.53584647551182
0.89,elbow,-10.162137607358742,-23.179405608221174,50.17437802496765,237.5547392808121
0.89,wrist,-9.561359846230344,-10.697029423925,-16.991341900824914,415.6213846525133
0.9,shoulder,27.144811573980586,23.390020801008124,25.057478429638415,-43.74478820255814
0.9,elbow,-9.27050983124843,-22.654417706939622,52.49879012815518,232.44121031875284
0.9,wrist,-8.8167787843871,-10.824714690775627,-12.768526685062607,422.2815215762306
0.91,shoulder,27.30317912054987,23.636202235838965,24.61814348308404,-43.93349465543744
0.91,elbow,-8.36973318117689,-22.10672024665728,54.769746028234195,227.0955900079017
0.91,wrist,-8.037401924684945,-10.909671812801427,-8.495712202580044,427.2814482482563
0.92,shoulder,27.457235178627528,23.87797328765449,24.177105181552744,-44.10383015312982
0.92,elbow,-7.46069661494566,-21.53687033981855,56.984990683873065,221.52446556388668
0.92,wrist,-7.22630511152573,-10.951568861692895,-4.189704889146679,430.6007313433365
0.93,shoulder,27.60695542097611,24.115318583858063,23.734529620357172,-44.257556119557194
0.93,elbow,-6.544297241896273,-20.945446983212932,59.14233566056166,215.73449766885972
0.93,wrist,-6.3866893734760835,-10.950243346855993,0.1325514836902384,432.22563728369175
0.9400000000000001,shoulder,27.75231620503374,24.34822424685005,23.29056629919887,-44.39633211583029
0.9400000000000001,elbow,-5.62143943757174,-20.333050384126143,61.23965990867898,209.73242481173145
0.9400000000000001,wrist,-5.521868290270168,-10.905702913940308,4.4540432915684605,432.14918078782216
0.9500000000000001,shoulder,27.893294576647545,24.57667773812187,22.845349127181958,-44.52171720169122
0.9500000000000001,elbow,-4.693033951206933,-19.70030127833225,63.27491057938903,203.52506707100497
0.9500000000000001,wrist,-4.635254915624215,-10.818125366304605,8.757754763570382,430.37114720019207
0.96,shoulder,28.029868273698362,24.80066771223425,22.398997411238,-44.635171594395956
0.96,elbow,-3.7599970069291393,-19.047840239605208,65.24610387270421,197.11932933151832
0.96,wrist,-3.73034830747283,-10.687858009819958,13.026735648464541,426.89808848941584
0.97,shoulder,28.162015729616222,25.020183880487167,21.951616825291747,-44.73805859462516
0.97,elbow,-2.823249399555421,-18.37632698048511,67.15132591200958,190.52220393053665
0.97,wrist,-2.81071971878587,-10.515416324044583,17.244168577537486,421.74329290729435
0.98,shoulder,28.289716076785933,25.235216884065046,21.503300357787914,-44.83164675038336
0.98,elbow,-1.883715585879398,-17.68643964409179,68.98873363933185,183.7407727322278
0.98,wrist,-1.8799985034645696,-10.301481965428628,21.3934358615955,414.9267284058013
0.99,shoulder,28.412949149842326,25.445758176419805,21.05412923547579,-44.917112231212116
0.99,elbow,-0.9423227723438509,-16.978874086835184,70.7565557256608,176.78220863289425
0.99,wrist,-0.941857792939699,-10.046900110811315,25.45818546173136,406.4749600135864
1.0,shoulder,28.531695488854606,25.65179991463592,20.60417382161165,-44.99554138641429
1.0,elbow,-7.34788079488412e-15,-16.254343151928357,72.45309349068262,169.65377650218102
1.0,wrist,-3.67394039744206e-15,-9.75267615204628,29.42239587650339,396.42104147720306
1.01,shoulder,28.64593634239929,25.8533348595058,20.153494486988066,-45.06793346235844
1.01,elbow,0.9423227723438361,-15.513575933664717,74.07672182636402,162.36283356814022
1.01,wrist,0.9418577929396916,-9.419971755123765,33.27043969225163,384.8043815748235
1.02,shoulder,28.755653670521276,26.05035628403015,19.70214245243521,-45.13520345528548
1.02,elbow,1.8837155858793833,-14.757317032475449,75.6258901189268,154.91682925627765
1.02,wrist,1.8799985034645625,-9.050100299640144,36.98714554836203,371.6705856110402
1.03,shoulder,28.86083014758258,26.242857890046764,19.250160601661367,-45.19818507738458
1.03,elbow,2.823249399555406,-13.986325800836708,77.0991231638741,147.32330449472965
1.03,wrist,2.810719718785863,-8.644521716886494,40.557858275364914,357.0712727002882
1.04,shoulder,28.961449164998218,26.430833732681855,18.79758426350904,-45.25763381523279
1.04,elbow,3.759997006929125,-13.20137558014802,78.4950220688687,139.5898904994608
1.04,wrist,3.730348307472823,-8.204836747178554,43.96849697079398,341.0638695429068
1.05,shoulder,29.057494833858932,26.614278152310845,18.34444196289915,-45.31423006098922
1.05,elbow,4.693033951206918,-12.403252928753847,79.81226513941742,131.72430705487182
1.05,wrist,4.635254915624207,-7.732780639321462,47.20561078570915,323.71138149151716
1.06,shoulder,29.148951987440217,26.793185713710034,17.890756139918967,-45.36858229801834
1.06,elbow,5.621439437571752,-11.59275684132902,81.04960874248269,123.73436030652692
1.06,wrist,5.521868290270173,-7.230216317284772,50.25643220366899,305.0821417959845
1.07,shoulder,29.235806183597315,26.967551152076837,17.43654383668036,-45.4212303238605
1.07,elbow,6.544297241896285,-10.77069795989582,82.20588814331995,115.62794008372612
1.07,wrist,6.386689373476088,-6.699127041247866,53.10892760369064,285.24954000216485
1.08,shoulder,29.318043707045803,27.13736932559417,16.98181735173352,-45.47264849468425
1.08,elbow,7.460696614945646,-9.937897776785556,83.28001831102644,107.41301677064848
1.08,wrist,7.226305111525734,-6.141608592154676,55.75184490931902,264.29173056283787
1.09,shoulder,29.395651571527406,27.302635174213854,16.526584861968132,-45.52324897653878
1.09,elbow,8.369733181176874,-9.095187829900748,84.27099468848073,99.09763774542853
1.09,wrist,8.03740192468495,-5.559861010781679,58.174758137299676,242.29132279806572
1.1,shoulder,29.46861752186066,27.46334368433455,16.070851012069404,-45.57338498987278
1.1,elbow,9.270509831248415,-8.243408890675223,85.17789392255254,90.68992340718103
1.1,wrist,8.816778784387104,-4.956179924067012,60.36810867146676,219.33505341670775
1.11,shoulder,29.53693003587616,27.619489859051754,15.614617471720496,-45.62335403489081
1.11,elbow,10.16213760735873,-7.383410145168557,85.9998745506666,82.19806281140654
1.11,wrist,9.56135984623035,-4.332947493064312,62.32324310026996,195.51344288032078
1.12,shoulder,29.60057832623604,27.771068693660318,15.15788346085657,-45.673401086392545
1.12,elbow,11.043736580540346,-6.516048368768438,86.73617764001196,73.63030893453492
1.12,wrist,10.268206588930338,-3.692623018366087,64.03244746982249,170.92043695525263
1.1300000000000001,shoulder,29.65955234213742,27.91807515609411,14.700646243378886,-45.72372174776848
1.1300000000000001,elbow,11.91443671904342,-5.6421870950094615,87.38612737589764,64.9949735885682
1.1300000000000001,wrist,10.934529411321178,-3.0377332401820802,65.4889778184007,145.65303485782147
1.1400000000000001,shoulder,29.713842770899536,28.060504171992417,14.242901589830746,-45.774465354813984
1.1400000000000001,elbow,12.773378746952176,-4.762695779049793,87.9491315959669,56.30042200692651
1.1400000000000001,wrist,11.557698641636838,-2.370862371452963,66.68708687291172,119.81090545110214
1.1500000000000001,shoulder,29.763441039434337,28.19835061408863,13.784644209621055,-45.825738020969155
1.1500000000000001,elbow,13.61971499218642,-3.8784489563778664,88.42468226719261,47.55506712256988
1.1500000000000001,wrist,12.135254915624216,-1.694641903423887,67.62204680290759,93.49599299958686
1.16,shoulder,29.80833931560025,28.33160929562319,13.32586815345602,-45.87760561650357
1.16,elbow,14.452610223051446,-2.9903253973499955,88.81235590278708,38.7673635594474
1.16,wrist,12.664918882530221,-1.0117402239918305,68.29016794320566,66.81211402980716
1.17,shoulder,29.848530509439005,28.460274967490246,12.866567186705865,-45.93009667501549
1.17,elbow,15.271242472511123,-2.0992072581863024,89.1118139163693,29.945801358222297
1.17,wrist,13.144600200657948,-0.32485208987170466,68.68881341201258,39.864546880691705
1.18,shoulder,29.884008274295176,28.58434231883516,12.406735134491369,-45.98320522144971
1.18,elbow,16.0748038493699,-1.2059792290769153,89.3228029109387,21.09889945694067
1.18,wrist,13.57240578699029,0.36331200580409706,68.81640956758017,12.759615556758263
1.19,shoulder,29.91476700781842,28.703805980828413,11.946366199325363,-46.03689351660053
1.19,elbow,16.862501335563913,-0.31152768007280973,89.44515490041056,12.235198947185381
1.19,wrist,13.946647288323767,1.050036528431928,68.67245226278308,-14.395730479709073
1.2,shoulder,29.940801852848146,28.818660533350286,11.485455252187228,-46.091094713813575
1.2,elbow,17.633557568774187,0.5832601945438851,89.47878746166948,3.363256125893031
1.2,wrist,14.265847744427303,1.7326116171672687,68.25750887353409,-41.49433892489924
1.21,shoulder,29.962108698180526,28.92890051432973,11.023998097944345,-46.14571542428824
1.21,elbow,18.387211609589286,1.477497232696849,89.42370381529639,-5.508364637309796
1.21,wrist,14.528747416929464,2.4083437781030526,67.5732160935784,-68.4292779955698
1.22,shoulder,29.978684179217677,29.034520431490368,10.561991716063975,-46.200638188036876
1.22,elbow,19.122719692460677,2.3702971610300403,89.27999283331913,-14.371098197726951
1.22,wrist,14.734308760930329,3.0745665131517295,66.62227350486768,-95.09425887107227
1.23,shoulder,29.990525678498997,29.13551477626619,10.099434477582308,-46.25572384816661
1.23,elbow,19.83935595970954,3.2607754507553257,89.04782897252854,-23.216386079059703
1.23,wrist,14.881720519717167,3.7286508426451417,65.4084329493412,-121.38405555264785
1.24,shoulder,29.997631326114483,29.231878039659343,9.63632633931504,-46.3108138267268
1.24,elbow,20.53641317786066,4.148050172076209,88.72747213208831,-32.035684044022446
1.24,wrist,14.970400926424073,4.368015680089839,63.936483744469754,-147.1949204871447
1.25,shoulder,30.0,29.323604729822403,9.1726690163061,-46.365732300894024
1.25,elbow,21.21320343559642,5.031242846419707,88.31926743434984,-40.820469773847094
1.25,wrist,15.0,4.990138018102667,62.21223380128272,-172.42499431870328
1.26,shoulder,29.997631326114483,29.410689391157586,8.708466133518444,-46.4202882787656
1.26,elbow,21.869058822642337,5.909479295699322,87.82364492796144,-49.56225063884028
1.26,wrist,14.970400926424073,5.592562885300013,60.242486719734615,-196.97470815481097
1.27,shoulder,29.990525678498997,29.49312662473532,8.243723357773533,-46.4742775744911
1.27,elbow,22.50333208891379,6.781890487824669,87.24111921253474,-58.25257154266933
1.27,wrist,14.881720519717168,6.1729130348211205,58.0350149521108,-220.7471767623815
1.28,shoulder,29.978684179217677,29.57091110984477,7.778448510944592,-46.527484682894055
1.28,elbow,23.115397283273676,7.647613377667669,86.57228898429997,-66.8830228234765
1.28,wrist,14.734308760930329,6.728898326227725,55.59852914066044,-243.64858114503613
1.29,shoulder,29.962108698180526,29.6440376264988,7.312651665403328,-46.57968455412646
1.29,elbow,23.70465037127071,8.505791742691127,85.8178365023458,-75.44524819541721
1.29,wrist,14.528747416929466,7.258324763734887,52.94264375071616,-265.5885389944277
1.3,shoulder,29.940801852848146,29.712501078725907,6.8463452227108,-46.630644269252784
1.3,elbow,24.270509831248418,9.355577012443113,84.97852697519868,-83.93095271471202
1.3,wrist,14.265847744427305,7.759103155086442,50.07783913515551,-286.48046155606517
1.31,shoulder,29.91476700781842,29.77629651849122,6.379543976530941,-46.680124617985925
1.31,elbow,24.81241722823685,10.196129091119625,84.05520786765108,-92.33191075475986
1.31,wrist,13.946647288323776,8.229257356887647,47.01542018012049,-306.2418955035014
1.32,shoulder,29.884008274295176,29.83541917009852,5.912265160730049,-46.7278815800892
1.32,elbow,25.329837765060457,11.026617172398598,83.04880812789744,-100.63997397536309
1.32,wrist,13.572405786990288,8.66693207384148,43.76747169538333,-324.7948484737166
1.33,shoulder,29.848530509439005,29.889864454934596,5.44452848360784,-46.77366771222093
1.33,elbow,25.82226081011831,11.846220545750414,81.96033733518158,-108.84707927158672
1.33,wrist,13.144600200657951,9.07040018109723,40.346810725575175,-342.06609698081553
1.34,shoulder,29.80833931560025,29.93962801642645,4.976356149185475,-46.81723344223656
1.34,elbow,26.289200401315906,12.654129393433404,80.79088476829908,-116.9452566882494
1.34,wrist,12.664918882530227,9.438069540803527,36.76693597062955,-357.9874754945631
1.35,shoulder,29.763441039434333,29.984705745090988,4.50777286645379,-46.858328273168475
1.35,elbow,26.730195725651033,13.449545577387742,79.54161839543377,-124.92663728653133
1.35,wrist,12.135254915624213,9.768489285955381,33.041974515185366,-372.4961455444179
1.36,shoulder,29.713842770899536,30.025093803565596,4.038805847460906,-46.8967018992884
1.36,elbow,27.14481157398059,14.231683415247115,78.21378378593742,-132.78346094963433
1.36,wrist,11.55769864163683,10.06035554672839,29.186626077300865,-385.53484378844996
1.37,shoulder,29.659552342137417,30.060788651516525,3.5694847950927615,-46.93210523681443
1.37,elbow,27.532638770519437,14.999770444694999,76.80870294478832,-140.5080841149097
1.37,wrist,10.934529411321165,10.31251659669446,25.216104996606948,-397.0521080693918
1.3800000000000001,shoulder,29.60057832623604,30.091787070330255,3.0998418813731465,-46.9642913719615
1.3800000000000001,elbow,27.893294576647545,15.753048175400851,75.32777307058525,-148.09298742030717
1.3800000000000001,wrist,10.268206588930326,10.523977398603845,21.146080190938527,-407.0024805668419
1.3900000000000001,shoulder,29.53693003587616,30.11808618750107,2.629911717081657,-46.993016429148966
1.3900000000000001,elbow,28.226423068626765,16.490772827781356,73.77246523805057,-155.53078325346826
1.3900000000000001,wrist,9.561359846230346,10.693903531788742,16.99261331848956,-415.34668724489643
1.4000000000000001,shoulder,29.468617521860658,30.13968350063566,2.1597313134589595,-47.018040362269765
1.4000000000000001,elbow,28.531695488854606,17.212216057842642,72.14432300612846,-162.81422319221178
1.4000000000000001,wrist,8.8167787843871,10.821624485684842,12.772095389609918,-422.05179288796427
1.41,shoulder,29.395651571527406,30.15657690100305,1.6893400367389415,-47.0391276720018
1.41,elbow,28.80881057030829,17.916665667371365,70.44496095287244,-169.93620532560283
1.41,wrist,8.037401924684959,10.906636306469565,8.501182078472425,-427.09133111374933
1.42,shoulder,29.318043707045803,30.16876469656522,1.2187795562169275,-47.0560480522014
1.42,elbow,29.05749483385893,18.60342629875557,68.67606313842028,-176.88978144521536
1.42,wrist,7.226305111525743,10.948603586369183,4.196727989961779,-430.44540885106454
1.43,shoulder,29.23580618359732,30.176245634430543,0.7480937865324131,-47.06857696845143
1.43,elbow,29.277502858162418,19.271820113730108,66.83938149745396,-183.66816409663238
1.43,wrist,6.386689373476109,10.947360787781717,-0.12427985874656411,-432.10078487083433
1.44,shoulder,29.14895198744022,30.17901892267868,0.27732882481369087,-47.07649617187222
1.44,elbow,29.468617521860658,19.921187455356485,64.9367341626378,-190.26473348161448
1.44,wrist,5.521868290270169,10.902912896988154,-4.444789079356352,-432.0509220609788
1.45,shoulder,29.057494833858936,30.177084251511687,-0.19346711669930183,-47.07959415129927
1.45,elbow,29.63065021785413,20.550887492562683,62.97000372061986,-196.67304420179505
1.45,wrist,4.635254915624217,10.815435404870648,-8.747749211750484,-430.2960132394133
1.46,shoulder,28.961449164998218,30.170441813691998,-0.6642437819687453,-47.07766652694435
1.46,elbow,29.763441039434333,21.16029884658537,60.941135402268465,-202.88683183513933
1.46,wrist,3.7303483074728323,10.685273614712761,-13.01617901578866,-426.84298040381753
1.47,shoulder,28.86083014758258,30.15909232423345,-1.134948945855013,-47.07051638862678
1.47,elbow,29.8668589380924,21.748820198674373,58.852135208900464,-208.9000193367998
1.47,wrist,2.8107197187858852,10.512941279812722,-17.233233490003975,-421.70544742153163
1.48,shoulder,28.75565367052128,30.143037039316734,-1.6055284916714794,-47.05795458164663
1.48,elbow,29.940801852848146,22.31587087843774,56.70506797633667,-214.70672325637923
1.48,wrist,1.8799985034645585,10.299118576285903,-21.382270352681868,-414.90368626778934
1.49,shoulder,28.645936342399292,30.12227777440569,-2.075926491104738,-47.03979994332587
1.49,elbow,29.98519681097195,22.860891432224708,54.502055378696795,-220.30125976398745
1.49,wrist,0.9418577929397008,10.044649419056606,-25.44691572292973,-406.46453702478635
1.5,shoulder,28.53169548885461,30.096816921545322,-2.546085286036791,-47.01587949320526
1.5,elbow,30.0,23.38334417096389,52.24527387391836,-225.67815047784399
1.5,wrist,5.510910596163089e-15,9.750538131631544,-29.411128742506254,-396.4213019576523
1.51,shoulder,28.412949149842326,30.06665746582697,-3.015945571835046,-46.986028579825515
1.51,elbow,29.98519681097195,23.88271369689442,49.93695259305299,-230.83212808653678
1.51,wrist,-0.9418577929396897,9.41794548279792,-33.25926488336224,-384.81361408559854
1.52,shoulder,28.289716076785936,30.031803001009923,-3.485446481704656,-46.95009098696103
1.52,elbow,29.940801852848146,24.358507408649007,47.57937117545887,-235.7581417594124
1.52,wrist,-1.8799985034645477,9.048184105887577,-36.97613769103425,-371.6872807672015
1.53,shoulder,28.162015729616222,29.992257744292665,-3.954525671725764,-46.90791900211079
1.53,elbow,29.8668589380924,24.810255984169707,45.17485755206984,-240.45136233890287
1.53,wrist,-2.8107197187858746,8.642713318685502,-40.54707872020753,-357.094102917328
1.54,shoulder,28.029868273698362,29.94802655023041,-4.423119406225425,-46.85937344996601
1.54,elbow,29.763441039434337,25.237513840959508,42.72578567898024,-244.9071873089602
1.54,wrist,-3.7303483074728216,8.203133364426492,-43.95799542590098,-341.0916705693454
1.55,shoulder,27.893294576647545,29.899114923798805,-4.891162643160537,-46.80432369351118
1.55,elbow,29.630650217854136,25.639859573195903,40.23457322363939,-249.12124553408523
1.55,wrist,-4.6352549156242056,7.731179096608518,-47.19542678179738,-323.74313558964
1.56,shoulder,27.75231620503374,29.845529032606667,-5.35858911921372,-46.74264760531833
1.56,elbow,29.468617521860658,26.016896365255917,37.70367920600151,-253.08940176378735
1.56,wrist,-5.521868290270159,7.228713132546391,-50.24659640621274,-305.1169624415361
1.57,shoulder,27.60695542097611,29.787275718263377,-5.825331434328845,-46.6742315115125
1.57,elbow,29.27750285816242,26.36825238122617,35.13560159702523,-256.8077608976279
1.57,wrist,-6.386689373476099,6.6977185026860235,-53.09946298603669,-285.28665798239547
1.58,shoulder,27.457235178627528,29.724362506909006,-6.291321135436878,-46.59897011080321
1.58,elbow,29.057494833858932,26.69358112999579,32.532874876961856,-260.2726720063371
1.58,wrist,-7.2263051115257335,6.140290824689622,-55.74276779964023,-264.3304813603535
1.59,shoulder,27.30317912054987,29.65679761891755,-6.756488799145582,-46.516766370870414
1.59,elbow,28.808810570308292,26.992561805554928,29.898067555913936,-263.480732104792
1.59,wrist,-8.037401924684948,5.558630033177647,-58.166079151197444,-242.33113515572188
1.6,shoulder,27.144811573980583,29.584589977785665,-7.220764113188722,-46.427531404314074
1.6,elbow,28.53169548885461,27.26489960214677,27.233779659184073,-266.42878967298634
1.6,wrist,-8.816778784387092,4.955031697767071,-60.35983354105764,-219.37543898601996
1.61,shoulder,26.98215754699113,29.50774921822115,-7.684075956451439,-46.331184326271675
1.61,elbow,28.22642306862675,27.51032600394647,24.542640179969972,-269.11394792140993
1.61,wrist,-9.561359846230358,4.331877963670207,-62.31537340968636,-195.55398686287208
1.62,shoulder,26.815242724537917,29.426285693447063,-8.146352477408618,-46.2276520957178
1.62,elbow,27.893294576647552,27.728599048966412,21.827304501994224,-271.53356779757485
1.62,wrist,-10.268206588930337,3.6916281506080373,-64.02498130621697,-170.96078965306174
1.6300000000000001,shoulder,26.64409346440634,29.34021048173874,-8.607521170832218,-46.11686934236003
1.6300000000000001,elbow,27.532638770519423,27.919503566913278,19.09045179468672,-273.68527073075006
1.6300000000000001,wrist,-10.934529411321176,3.036809047140381,-65.48191034676563,-145.6929040548655
1.6400000000000001,shoulder,26.4687367930486,29.249535392212323,-9.067508952641697,-45.99877818094791
1.6400000000000001,elbow,27.1448115739806,28.082851390748925,16.334782383564708,-275.5669411122013
1.6400000000000001,wrist,-11.557698641636836,2.3700049387173316,-66.68041084230491,-119.85004955392719
1.6500000000000001,shoulder,26.289200401315902,29.154272969884435,-9.52624223278893,-45.87332801472324
1.6500000000000001,elbow,26.730195725651026,28.218481541733706,13.563015098478203,-277.1767285086504
1.6500000000000001,wrist,-12.135254915624209,1.6938474088072382,-67.61575299100936,-93.53421487044466
1.6600000000000001,shoulder,26.105512640085763,29.05443650002358,-9.983646986085283,-45.74047532963543
1.6600000000000001,elbow,26.289200401315902,28.326260387757806,10.777884602410136,-278.51304960680665
1.6600000000000001,wrist,-12.664918882530234,1.0110049533520598,-68.28424554551783,-66.84925545084798
1.67,shoulder,25.917702515785063,28.950040011814643,-10.439648820893867,-45.60018348085845
1.67,elbow,25.822260810118305,28.40608177479318,7.9821387035372195,-279.57458988729167
1.67,wrist,-13.144600200657946,0.3241724495376298,-68.68325038144299,-39.90048359251523
1.68,shoulder,25.725799685809566,28.8410982813584,-10.894173045624388,-45.45242247305215
1.68,elbow,25.329837765060482,28.457867131325912,5.178535653273135,-280.36030502640847
1.68,wrist,-13.572405786990284,-0.36393947955871464,-68.81119290963444,-12.794252819145186
1.69,shoulder,25.52983445384076,28.727626834028584,-11.347144732981493,-45.29716873571044
1.69,elbow,24.812417228236857,28.48156554565618,2.369841433026926,-280.8694220246209
1.69,wrist,-13.94664728832377,-1.0506151624697644,-68.66756829110497,14.36246185294658
1.7,shoulder,25.329837765060457,28.609641946209283,-11.798488781930224,-45.13440489487313
1.7,elbow,24.270509831248425,28.477153815980373,-0.4411729675809588,-281.1014400607885
1.7,wrist,-14.265847744427301,-1.7331445967707064,-68.2529434300942,41.46248610107659
1.71,shoulder,25.125841201264254,28.487160646435743,-12.248129977353818,-44.964119542359356
1.71,elbow,23.70465037127072,28.444636473197402,-3.251734278297035,-281.05613107160764
1.71,wrist,-14.528747416929464,-2.408834144144768,-67.56895473740614,68.39886926880672
1.72,shoulder,24.91787697587438,28.36020071596184,-12.695993047390058,-44.78630700362406
1.72,elbow,23.11539728327369,28.384045776408847,-6.059069678855618,-280.73354005585827
1.72,wrist,-14.734308760930327,-3.075017160873264,-66.61830167284961,95.06530645565363
1.73,shoulder,24.70597792885283,28.228780688777416,-13.142002718442459,-44.60096710524007
1.73,elbow,22.503332088913805,28.295441681109946,-8.860409529889969,-280.1339851034351
1.73,wrist,-14.881720519717168,-3.729064521795952,-65.40473609226879,121.35655805808142
1.74,shoulder,24.49017752151552,28.0929198510987,-13.586083767871822,-44.40810494293618
1.74,elbow,21.86905882264233,28.178911780096108,-11.652990101383741,-279.2580571493773
1.74,wrist,-14.970400926424073,-4.368394996208035,-63.93304744120828,147.16886510605093
1.75,shoulder,24.270509831248425,27.952638240354876,-14.028161074382185,-44.207730651036385
1.75,elbow,21.21320343559645,28.034571217136932,-14.434056295917486,-278.1066194533745
1.75,wrist,-15.0,-4.99048543474452,-62.209043853648524,172.4003587559754
1.76,shoulder,24.047009546126297,27.807956643693647,-14.468159666123041,-43.99985917408567
1.76,elbow,20.536413177860652,27.8625625734972,-17.200864363973157,-276.680806805567
1.76,wrist,-14.970400926424073,-5.592880727048604,-60.2395292304084,196.95146232401225
1.77,shoulder,23.819711959435057,27.65889659602828,-14.906004766536634,-43.78451004135924
1.77,elbow,19.839355959709593,27.66305572741151,-19.95068460856894,-274.98202445957855
1.77,wrist,-14.88172051971717,-6.173203490925383,-58.03227638767791,220.72528427304906
1.78,shoulder,23.58865296409857,27.505480377648425,-15.341621837985588,-43.56170714489532
1.78,elbow,19.12271969246069,27.4362476866464,-22.68080407651116,-273.0119467942218
1.78,wrist,-14.734308760930329,-6.729163454741917,-55.5959963816534,243.62800060245092
1.79,shoulder,23.353869047010704,27.347731011416407,-15.77493662320183,-43.33147852162412
1.79,elbow,18.387211609589297,27.182362394310758,-25.388529233564082,-270.7725157052922
1.79,wrist,-14.528747416929468,-7.258566496045306,-52.940304130338895,265.56922513145025
1.8,shoulder,23.115397283273676,27.185672259570378,-16.205875184602775,-43.09385614009459
1.8,elbow,17.6335575687742,26.901650508102176,-28.071188620858326,-268.2659387294244
1.8,wrist,-14.265847744427306,-7.759323300727209,-50.07568046819027,286.4623662148623
1.81,shoulder,22.873275330343432,27.019328620155125,-16.63436394152533,-42.84887569225563
1.81,elbow,16.86250133556393,26.594389153203394,-30.726135489878274,-265.4946869019947
1.81,wrist,-13.946647288323776,-8.229457608560779,-47.01343078335708,306.22496848331895
1.82,shoulder,22.62754142208312,26.848725323100805,-17.060329705432107,-42.5965763906776
1.82,elbow,16.074803849369918,26.260881649069464,-33.350750413392966,-262.4614923514693
1.82,wrist,-13.572405786990288,-8.667114012568414,-43.76564040076355,324.77903825935255
1.83,shoulder,22.378234362725465,26.67388832596933,-17.483699713147676,-42.337000771556745
1.83,elbow,15.271242472511116,25.901457210372257,-35.94244386972082,-259.1693456327854
1.83,wrist,-13.144600200657951,-9.070565281439544,-40.34512688711301,342.05135136505385
1.84,shoulder,22.125393520745217,26.494844309387474,-17.904401658185506,-42.070194503783114
1.84,elbow,14.452610223051487,25.516470622394788,-38.498658797746785,-255.62149280259644
1.84,wrist,-12.664918882530229,-9.438219176100018,-36.76538946604748,357.9737421065534
1.85,shoulder,21.869058822642344,26.31162067218519,-18.32236372022872,-41.79620620432115
1.85,elbow,13.619714992186388,25.106301891193365,-41.01687312014221,-251.82143223954262
1.85,wrist,-12.135254915624214,-9.768624733531011,-33.04055574309924,372.483372294824
1.86,shoulder,21.6092707466372,26.124245526256892,-18.737514592829616,-41.515087260089786
1.86,elbow,12.77337874695217,24.671355868870666,-43.49460223226986,-247.77291121276517
1.86,wrist,-11.55769864163683,-10.06047799303789,-29.185325950688018,385.52297924112236
1.87,shoulder,21.346070316278563,25.932747691162948,-19.149783509394577,-41.226891656496235
1.87,elbow,11.914436719043414,24.21206185432773,-45.92940145429383,-243.4799222023969
1.87,wrist,-10.934529411321167,-10.312627142369935,-25.214914933204554,397.0411017483462
1.8800000000000001,shoulder,21.079499093965477,25.73715668848773,-19.559100267522,-40.93167581274221
1.8800000000000001,elbow,11.043736580540338,23.72887316988722,-48.318868444051006,-238.94669897571748
1.8800000000000001,wrist,-10.268206588930328,-10.524077063381338,-21.14499210114014,406.99228320644147
1.8900000000000001,shoulder,20.809599174384147,25.53750273597011,-19.96539525176167,-40.629498423967334
1.8900000000000001,elbow,10.162137607358746,23.222266714204398,-50.66064556828197,-234.1777124230964
1.8900000000000001,wrist,-9.561359846230346,-10.693993259293707,-16.991619591236926,415.3372509903216
1.9000000000000001,shoulder,20.536413177860656,25.333816741421465,-20.36859945486452,-40.320420310284874
1.9000000000000001,elbow,9.270509831248434,22.692742491905783,-52.95242222986171,-229.17766615797416
1.9000000000000001,wrist,-8.816778784387102,-10.821705148060845,-12.771188876713733,422.0430714523192
1.9100000000000001,shoulder,20.25998424363073,25.12613029644555,-20.76864449759165,-40.00450427271329
1.9100000000000001,elbow,8.369733181176894,22.140823120418627,-55.19193714871564,-223.9514918853929
1.9100000000000001,wrist,-8.037401924684936,-10.906708708838233,-8.500356077738807,427.0832798974925
1.92,shoulder,19.98035602302755,24.914475669974035,-21.165462647151518,-39.68181495598674
1.92,elbow,7.460696614945665,21.567053314477093,-57.37698059415354,-218.50434454379
1.92,wrist,-7.226305111525745,-10.94866847111274,-4.1959762274506085,430.4379850288199
1.93,shoulder,19.69757267258869,24.6988858016307,-21.558986834333535,-39.35241871820159
1.93,elbow,6.544297241896302,20.971999348813057,-59.50539656640359,-212.841597225005
1.93,wrist,-6.386689373476111,-10.947418838642232,0.12496324705079154,432.09394745014004
1.94,shoulder,19.411678847083337,24.47939429493664,-21.949150669405796,-39.01638350722618
1.94,elbow,5.621439437571718,20.356248499561257,-61.575084925179965,-206.96883587763728
1.94,wrist,-5.521868290270171,-10.902964742980028,4.445409566220314,432.0446319169522
1.95,shoulder,19.122719692460695,24.256035410368202,-22.335888456843712,-38.673778743791416
1.95,elbow,4.693033951206963,19.720408464929548,-63.584003463170944,-200.89185379909804
1.95,wrist,-4.635254915624218,-10.815481624004931,8.748311897509712,430.2902331289398
1.96,shoulder,18.830740838721017,24.02884405827865,-22.719135208955088,-38.32467521113773
1.96,elbow,3.759997006929117,19.065106765705643,-65.53016992239068,-194.6166459219745
1.96,wrist,-3.730348307472834,-10.685314737533593,13.016688647133837,426.83767496241234
1.97,shoulder,18.535788392710028,23.79785579169399,-23.09882665846613,-37.9691449511042
1.97,elbow,2.8232493995554777,18.390990126191703,-67.4116639513939,-188.14940290032166
1.97,wrist,-2.810719718785887,-10.512977792747687,17.233694478590586,421.7005831456751
1.98,shoulder,18.237908930838167,23.563106798992678,-23.474899270131168,-37.60726116650392
1.98,elbow,1.8837155858794017,17.698723836177564,-69.22662900141401,-181.4965050020113
1.98,wrist,-1.87999850346456,-10.299150924813262,21.382686793442595,414.89923148520086
1.99,shoulder,17.93714949172557,23.324633896478403,-23.847290251427516,-37.239098129634954
1.99,elbow,0.9423227723438544,16.98899109458212,-70.97327415954456,-174.66451581305444
1.99,wrist,-0.9418577929397027,-10.044678010693355,25.447291411990626,406.46046185480327
2.0,shoulder,17.633557568774197,23.082474520854454,-24.215937562395,-36.8647310967481
2.0,elbow,1.1021821192326178e-14,16.262492335410634,-72.64987591714848,-167.66017576039178
2.0,wrist,-7.34788079488412e-15,-9.750563338747087,29.411467194626805,396.41757826361777
2.0100000000000002,shoulder,17.32718110266803,22.836666721607674,-24.58077992467797,-36.48423622829705
2.0100000000000002,elbow,-0.9423227723438856,15.5199445366932,-74.25477987174337,-160.49039545948938
2.0100000000000002,wrist,0.9418577929397145,-9.417967645258727,33.25956934883596,384.8102154209152
2.02,shoulder,17.018068473802693,22.58724915330942,-24.941756829825724,-36.09769051477551
2.02,elbow,-1.8837155858793795,14.762080513086424,-75.78640236067771,-153.16224889343448
2.02,wrist,1.8799985034645457,-9.04820353353872,36.97641117200082,371.6841823164865
2.0300000000000002,shoulder,16.706268494645634,22.334261067840366,-25.29880854690518,-35.70517170794557
2.0300000000000002,elbow,-2.8232493995554555,13.98964819283661,-77.24323202498151,-145.68296643038002
2.0300000000000002,wrist,2.810719718785873,-8.642730293675315,40.547323986340366,357.09128143395424
2.04,shoulder,16.391830402028077,22.077742306545588,-25.65187612947768,-35.306758257250095
2.04,elbow,-3.7599970069290953,13.203409879818178,-78.62383130184315,-138.0599276861642
2.04,wrist,3.73034830747282,-8.20314814338087,43.95821502944442,341.089104310405
2.05,shoulder,16.07480384936991,21.81773329232569,-26.000901421989738,-34.902529251205635
2.05,elbow,-4.693033951206889,12.404141501375808,-79.92683784423701,-130.30065423938618
2.05,wrist,4.635254915624179,-7.7311919126614965,47.19562307193735,323.7408042492932
2.06,shoulder,15.755238898838869,21.55427502166944,-26.345827065625286,-34.492564363555005
2.06,elbow,-5.621439437571697,11.592631842712837,-81.15096586629707,-122.41280220600629
2.06,wrist,5.521868290270157,-7.2287241972337695,50.24677154277269,305.11484708353464
2.07,shoulder,15.4331860134452,21.28740905663279,-26.68659650366496,-34.07694380396731
2.07,elbow,-6.544297241896281,10.76968176858177,-82.29500741310689,-114.40415468098229
2.07,wrist,6.386689373476074,-6.6977280077088,53.09961895249694,285.2847409724245
2.08,shoulder,15.108696049072828,21.017177516768832,-27.023153986395748,-33.655748273078814
2.08,elbow,-7.460696614945643,9.936103433045265,-83.35783355365051,-106.28261405436206
2.08,wrist,7.226305111525732,-6.14029894355395,55.74290641548506,264.32874629881167
2.09,shoulder,14.781820246448758,20.74362307101271,-27.35544457561212,-33.22905892163698
2.09,elbow,-8.369733181176871,9.092719478087808,-84.33839549574573,-98.05619420952212
2.09,wrist,8.037401924684925,-5.558636922717964,58.16620208359855,242.32956681134908
2.1,shoulder,14.452610223051456,20.466788929525233,-27.68341414874765,-32.79695731355321
2.1,elbow,-9.270509831248411,8.240362221869228,-85.23572562185797,-89.73301261122424
2.1,wrist,8.81677878438709,-4.955037499558896,60.35994231590682,219.37402323082756
2.11,shoulder,14.121117964959984,20.186718835498493,-28.00700940267394,-32.35952539262877
2.11,elbow,-10.162137607358726,7.379872837421511,-86.04893844477178,-81.32128229138175
2.11,wrist,9.561359846230337,-4.3318828053389655,62.315469421993114,195.55271060862947
2.12,shoulder,13.78739581864464,19.903457056926477,-28.326177857201568,-31.916845452762573
2.12,elbow,-11.043736580540367,6.512100522599748,-86.77723148217629,-72.82930374045145
2.12,wrist,10.268206588930337,-3.691632147040069,64.02506582988966,170.95964078965426
2.13,shoulder,13.451496482700968,19.61704837834332,-28.640867858315648,-31.469000111407837
2.13,elbow,-11.914436719043394,5.637901662106738,-87.41988604930103,-64.265456712473
2.13,wrist,10.934529411321156,-3.036812301602106,65.48198454379629,145.69187139066344
2.14,shoulder,13.113472999527986,19.327538092531555,-28.95102858117653,-31.01607228608819
2.14,elbow,-12.773378746952199,4.758138982418535,-87.97626796882027,-55.63819195192377
2.14,wrist,11.557698641636836,-2.3700075438883053,66.68047577138003,119.84912275837473
2.15,shoulder,12.773378746952186,19.03497199220241,-29.256610032914153,-30.558145173762455
2.15,elbow,-13.619714992186369,3.873680700445287,-88.44582819732477,-46.956022850450836
2.15,wrist,12.135254915624207,-1.693849447732613,67.61580961556923,93.53338441892038
2.16,shoulder,12.431267429798517,18.739396361649984,-29.55756305524258,-30.095302232842528
2.16,elbow,-14.452610223051467,2.985399666767848,-88.82810336774385,-38.22751704190796
2.16,wrist,12.664918882530232,-1.0110065003197286,68.28429474128843,66.84851257191985
2.17,shoulder,12.087193071409882,18.44085796838079,-29.853839326919214,-29.627627167663462
2.17,elbow,-15.271242472511096,2.0941725042960284,-89.12271624718196,-29.461287943810476
2.17,wrist,13.144600200657946,-0.32417357088508436,68.68329294346442,39.89982021759897
2.18,shoulder,11.741210005116072,18.139404054720075,-30.145391366071564,-29.155203915235006
2.18,elbow,-16.074803849369896,1.2008787431988317,-89.32937610971968,-20.66598625377219
2.18,wrist,13.572405786990293,0.3639387247030199,68.81122955881042,12.79366153459955
2.19,shoulder,11.393372865654042,17.835082329395952,-30.432172532412253,-28.678116634068772
2.19,elbow,-16.862501335563913,0.3063999529607221,-89.44787902381096,-11.850291409128431
2.19,wrist,13.94664728832377,1.0506147215059936,68.66759968029736,-14.362987851306798
2.2,shoulder,11.043736580540333,17.527940959102338,-30.71413702936152,-28.19644969492674
2.2,elbow,-17.633557568774183,-0.5883811275792238,-89.47810805399459,-3.02290301836274
2.2,wrist,14.26584774442731,1.733144423003862,68.25297014978683,-41.46295305105241
2.21,shoulder,10.692356361397524,17.218028560041393,-30.991239906094524,-27.710287673300428
2.21,elbow,-18.387211609589283,-1.4825814613464365,-89.42003337672128,5.807467727331641
2.21,wrist,14.528747416929463,2.4088341962134763,67.56897732096142,-68.39928288254134
2.22,shoulder,10.339287695235512,16.9053941894461,-31.263437059529313,-27.21971534347901
2.22,elbow,-19.122719692460677,-2.3753185844482694,-89.27371231018327,14.632106653800975
2.22,wrist,14.734308760930332,3.075017402227287,66.61832060138109,-95.06567195803427
2.23,shoulder,9.984586335689608,16.590087337083403,-31.530685236269566,-26.72481767402516
2.23,elbow,-19.839355959709575,-3.26571147702945,-89.03928925811806,23.442305206520814
2.23,wrist,14.881720519717168,3.729064920218807,65.40475179915202,-121.35688022290685
2.24,shoulder,9.628308294216279,16.272157916738255,-31.79294203451485,-26.22567982452844
2.24,elbow,-20.536413177860673,-4.152881432705876,-88.71699556764263,32.22936904754329
2.24,wrist,14.970400926424075,4.368395523381326,63.93306031625191,-147.16914829001098
2.25,shoulder,9.270509831248425,15.95165625767876,-32.0501659059496,-25.722387143474407
2.25,elbow,-21.213203435596437,-5.035952925718475,-88.30714930125986,40.984626638277746
2.25,wrist,15.0,4.990486065850792,62.20905424694654,-172.4006069305367
2.2600000000000002,shoulder,8.911247447311048,15.628633096102552,-32.302316157620716,-25.215025167111662
2.2600000000000002,elbow,-21.86905882264235,-5.914054474951105,-87.810154923263,49.69943779968571
2.2600000000000002,wrist,14.970400926424073,5.592881440409729,60.23953745589372,-196.9516791052822
2.27,shoulder,8.550577874099282,15.303139566564429,-32.54935295381237,-24.703679619165086
2.27,elbow,-22.503332088913787,-6.786319503959596,-87.22650290084904,58.36520224139508
2.27,wrist,14.88172051971717,6.173204267673696,58.03228272639667,-220.72547294970434
2.2800000000000002,shoulder,8.188558065519752,14.975227193385177,-32.79123731792525,-24.188436411288137
2.2800000000000002,elbow,-23.115397283273673,-7.651887196162951,-86.5567692203356,66.97336805134398
2.2800000000000002,wrist,14.734308760930329,6.7291642785214805,55.596001084778514,-243.62816416181613
2.29,shoulder,7.825245188696911,14.644947882041512,-33.02793113436654,-23.669381644128634
2.29,elbow,-23.704650371270706,-8.509903344352551,-85.80161481895998,75.51544013756188
2.29,wrist,14.528747416929468,7.258567352740884,52.94030742194034,-265.5693662838172
2.3000000000000003,shoulder,7.460696614945632,14.312353910536956,-33.25939715045557,-23.14660160890287
2.3000000000000003,elbow,-24.270509831248447,-9.359521193680774,-84.96178493282231,83.98298861376588
2.3000000000000003,wrist,14.265847744427298,7.759324178218674,50.07568254777902,-286.4624874161324
2.31,shoulder,7.094969910711738,13.977497920753464,-33.48559897834921,-22.62018278936415
2.31,elbow,-24.812417228236846,-10.199902277296946,-84.03810836161728,92.3676571205034
2.31,wrist,13.946647288323778,8.22945849650086,47.01343182821846,-306.22507195605596
2.32,shoulder,6.7281228284814425,13.640432909783563,-33.70650109699008,-22.090211864087166
2.32,elbow,-25.32983776506044,-11.030217243805758,-83.0314966508813,100.66117107359776
2.32,wrist,13.572405786990302,8.66711490218181,43.76564056809506,-324.77912601233993
2.33,shoulder,6.360213297661644,13.301212221242766,-33.92206885407964,-21.55677570895614
2.33,elbow,-25.822260810118294,-11.849646675731389,-81.94294319256306,108.85534583182334
2.33,wrist,13.144600200657951,9.070566165341617,40.345126315980764,-342.05142521142966
2.34,shoulder,5.991299415432225,12.959889536561992,-34.132268468077484,-21.019961399784506
2.34,elbow,-26.28920040131589,-12.657381898179452,-80.7735222448062,116.94209477568666
2.34,wrist,12.664918882530243,9.438220048133365,36.76538827917474,-357.97380368060215
2.35,shoulder,5.621439437571738,12.616518866259717,-34.33706703022739,-20.479856214990264
2.35,elbow,-26.73019572565102,-13.452625776898575,-79.5243878719124,124.91343728938045
2.35,wrist,12.135254915624216,9.76862558861836,33.040554048499466,-372.48342306752784
2.36,shoulder,5.25069176925829,12.271154541193619,-34.53643250660977,-19.936547638237982
2.36,elbow,-27.14481157398059,-14.234593504953896,-78.19677280553212,132.76150663802787
2.36,wrist,11.557698641636847,10.060478827049902,29.185323843154343,-385.52302053451245
2.37,shoulder,4.8791149558465134,11.92385120379142,-34.730333740219834,-19.390123361006033
2.37,elbow,-27.532638770519434,-15.002513377235971,-76.79198722820759,140.47855773245317
2.37,wrist,10.934529411321167,10.312627952006569,25.21491249566666,-397.0411347487683
2.38,shoulder,4.506767673622713,11.574663799260723,-34.91874045306973,-18.84067128498964
2.38,elbow,-27.89329457664754,-15.755627552040668,-75.31141748046961,148.05697477379692
2.38,wrist,10.268206588930347,10.524077846065559,21.144989405899018,-406.99230897676426
2.39,shoulder,4.133708720539141,11.223647566777595,-35.101623248312784,-18.288279524305437
2.39,elbow,-28.22642306862676,-16.493192798968316,-73.75652469276491,155.4892787704697
2.39,wrist,9.561359846230348,10.693994013076429,16.991616701087004,-415.33727048120124
2.4,shoulder,3.759997006929136,10.870858030653723,-35.27895361238714,-17.73303640743609
2.4,elbow,-28.531695488854602,-17.214481232403966,-72.1288433435649,162.76813492000178
2.4,wrist,8.816778784387104,10.821705871536045,12.771185845961623,-422.043085512538
2.41,shoulder,3.385691546204443,10.516350991481964,-35.45070391717588,-17.175030478874078
2.41,elbow,-28.808810570308303,-17.918781029854763,-70.4299797450797,169.8863598485185
2.41,wrist,8.037401924684938,10.906709401067314,8.500352953126878,-427.0832892834745
2.42,shoulder,3.0108514455364492,10.160182517260164,-35.616847422180015,-16.614350500413536
2.42,elbow,-29.05749483385893,-18.60539713443549,-68.66161045807264,176.8369287007065
2.42,wrist,7.226305111525747,10.948669131557248,4.1959730489933245,-430.4379904133554
2.43,shoulder,2.6355358965222946,9.802408934493156,-35.77735827670076,-16.051085452074688
2.43,elbow,-29.277502858162425,-19.27365194080889,-66.82548063734009,183.61298207325558
2.43,wrist,6.386689373476088,10.947419467104142,-0.1249664453105348,-432.0939494303859
2.44,shoulder,2.2598041658379913,9.443086819272889,-35.93221152202676,-15.485324532600544
2.44,elbow,-29.468617521860654,-19.92288596390379,-64.92340230949034,190.20783278497527
2.44,wrist,5.521868290270173,10.902965339548862,-4.445412755528025,-432.044631021749
2.45,shoulder,1.8837155858793941,9.082272988336669,-36.081383093622016,-14.917157159525686
2.45,elbow,-29.630650217854132,-20.552458489751007,-62.95725258472171,196.6149724768636
2.45,wrist,4.635254915624194,10.815482189011028,-8.748315053783276,-430.29022982552505
2.46,shoulder,1.5073295453930897,8.720024490103572,-36.22484982330969,-14.346672968767052
2.46,elbow,-29.76344103943433,-21.16174820779466,-60.9289718043651,202.82807803566106
2.46,wrist,3.730348307472836,10.685315271506944,-13.016691750408505,-426.83766966252296
2.47,shoulder,1.130705480098036,8.3563985956891,-36.36258944144713,-13.773961813743938
2.47,elbow,-29.8668589380924,-21.75015382405486,-58.84056162601993,208.84101783451683
2.47,wrist,2.8107197187858626,10.512978296381744,-17.23369751252001,-421.7005762111504
2.48,shoulder,0.7539028633001343,7.991452789898231,-36.49458057908694,-13.199113763981586
2.48,elbow,-29.940801852848146,-22.317094654536593,-56.69408304817351,214.64785778464187
2.48,wrist,1.879998503464562,10.299151398933239,-21.382689744850556,-414.8992232330545
2.49,shoulder,0.37698119650057177,7.625244762197041,-36.62080277011905,-12.622219103210796
2.49,elbow,-29.98519681097195,-22.862011198299133,-54.491654376253905,220.24286719196067
2.49,wrist,0.9418577929396779,10.044678456228546,-25.447294270469314,-406.460452561876
2.5,shoulder,3.67394039744206e-15,7.257832397663158,-36.74123645338834,-12.043368326929112
2.5,elbow,-30.0,-23.38436568962037,-52.235449132123954,225.62052441299483
2.5,wrist,9.184850993605149e-15,9.750563756706775,-29.411469952177054,-396.41756817077396
2.5100000000000002,shoulder,-0.37698119650057776,6.889273767915331,-36.85586297478277,-11.462652139442696
2.5100000000000002,elbow,-29.98519681097195,-23.883642628711172,-49.92769390908003,230.77552230439267
2.5100000000000002,wrist,-0.9418577929397127,9.417968036711317,-33.25957199954592,-384.8102047368862
2.52,shoulder,-0.7539028633001271,6.5196271220224675,-36.96466458928633,-10.880161450356184
2.52,elbow,-29.940801852848146,-24.3593492904559,-47.570666174472606,235.7027734607418
2.52,wrist,-1.879998503464544,9.048203899593725,-36.976413711759264,-371.68417122133417
2.5300000000000002,shoulder,-1.130705480098042,6.148950877392552,-37.067624462991624,-10.295987370529758
2.5300000000000002,elbow,-29.866858938092403,-24.811016210677078,-45.16669202211779,240.39741523548116
2.5300000000000002,wrist,-2.8107197187858706,8.64273063546791,-40.547326412581455,-357.09127008221935
2.54,shoulder,-1.5073295453930826,5.777303610641886,-37.16472667506655,-9.710221207492395
2.54,elbow,-29.763441039434333,-25.23819764944426,-42.71814387671801,244.85481453997824
2.54,wrist,-3.7303483074728176,8.2031484620587,-43.958217340921,-341.08909283395496
2.5500000000000003,shoulder,-1.8837155858794132,5.404744048445189,-37.25595621966974,-9.12295446031959
2.5500000000000003,elbow,-29.63065021785413,-25.64047203096984,-40.22743815255777,249.07057241602394
2.5500000000000003,wrist,-4.635254915624228,7.7311922093735,-47.19562526851998,-323.740792759898
2.56,shoulder,-2.2598041658379837,5.031331058367095,-37.34129900780943,-8.534278813968967
2.56,elbow,-29.468617521860658,-26.017442359657693,-37.69703286878533,253.04052837724407
2.56,wrist,-5.521868290270181,7.228724473120782,-50.24677362527173,-305.11483567517473
2.57,shoulder,-2.635535896522287,4.6571236396756905,-37.42074186914043,-7.944286133099865
2.57,elbow,-29.277502858162432,-26.368736611894033,-35.12942522363393,256.7607645151396
2.57,wrist,-6.386689373476047,6.697728263895725,-53.099620922505714,-285.28472972339864
2.58,shoulder,-3.0108514455364417,4.28218091413875,-37.494272553694046,-7.353068455361893
2.58,elbow,-29.057494833858936,-26.694008103193802,-32.5271491299768,260.22760936571296
2.58,wrist,-7.22630511152573,6.140299181143305,-55.742908275241966,-264.32873527362506
2.59,shoulder,-3.385691546204436,3.906562116803392,-37.5618797335358,-6.7607179841750735
2.59,elbow,-28.808810570308296,-26.992935830340286,-29.89277271464828,263.4376415328519
2.59,wrist,-8.037401924684945,5.558637142784647,-58.16620383586585,-242.32955606238863
2.6,shoulder,-3.7599970069291286,3.5303265867599327,-37.62355300434594,-6.1673270810144345
2.6,elbow,-28.531695488854613,-27.265224788180277,-27.228895783999082,266.38769306491974
2.6,wrist,-8.816778784387088,4.955037703146,-60.3599439638647,-219.37401279988524
2.61,shoulder,-4.133708720539133,3.1535337578907536,-37.679282886917896,-5.57298825719505
2.61,elbow,-28.22642306862677,-27.51060626076215,-24.538147258187088,269.0748525811995
2.61,wrist,-9.561359846230335,4.331882993454526,-62.31547096914742,-195.55270052827166
2.62,shoulder,-4.506767673622706,2.776243149605055,-37.72906082856985,-4.977794165195235
2.62,elbow,-27.893294576647552,-27.728838086529507,-21.823182576735878,271.4964681451209
2.62,wrist,-10.268206588930314,3.691632320654609,-64.0250672799917,-170.95963108442845
2.63,shoulder,-4.8791149558465055,2.398514357560406,-37.772879204464886,-4.381837589503618
2.63,elbow,-27.532638770519444,-27.919704897308723,-19.086681077921536,273.6501498814343
2.63,wrist,-10.934529411321154,3.0368124616468726,-65.48198590077364,-145.69186207819394
2.64,shoulder,-5.250691769258283,2.0204070443720545,-37.81073131883517,-3.7852114370284653
2.64,elbow,-27.144811573980576,-28.083018330854465,-16.331343354574063,275.53377233474725
2.64,wrist,-11.557698641636852,2.370007691254104,-66.68047703927684,-119.84911385031978
2.65,shoulder,-5.62143943757173,1.6419809303109958,-37.84261140610587,-3.1880087270700415
2.65,elbow,-26.730195725651054,-28.218617216743496,-13.559888588903128,277.1454765670934
2.65,wrist,-12.13525491562419,1.6938495832691522,-67.61581079849518,-93.53337592183402
2.66,shoulder,-5.991299415432217,1.263295783991849,-37.868514631914685,-2.5903225808816046
2.66,elbow,-26.289200401315902,-28.326367735433276,-10.775051868978196,278.48367199249316
2.66,wrist,-12.664918882530232,1.0110066248353977,-68.28429584337546,-66.84850448802786
2.67,shoulder,-6.360213297661637,0.8844114130516201,-37.888437094022905,-1.9922462108219747
2.67,elbow,-25.82226081011831,-28.406163550328394,-7.9795814895118315,279.5470379466364
2.67,wrist,-13.144600200657957,0.324173685147097,-68.68329396883007,-39.89981254546092
2.68,shoulder,-6.728122828481436,0.5053876548204771,-37.9023758231143,-1.39387290913902
2.68,elbow,-25.329837765060457,-28.45792591272449,-5.176236239609651,280.33452499021814
2.68,wrist,-13.572405786990293,-0.3639386199681748,-68.81123051152717,-12.793654269710032
2.69,shoulder,-7.094969910711731,0.12628436698569673,-37.910328783478036,-0.7952960363739408
2.69,elbow,-24.812417228236857,-28.48160373952613,-2.3677826801639124,280.84535594457384
2.69,wrist,-13.94664728832377,-1.0506146256118478,-68.6676005643673,14.362994715987043
2.7,shoulder,-7.46069661494565,-0.25283858175002666,-37.912294873572336,-0.1966090094296078
2.7,elbow,-24.27050983124843,-28.477173663661905,0.44300758642237703,281.07902665862895
2.7,wrist,-14.265847744427301,-1.7331443353030567,-68.2529709691209,41.46295952464061
2.71,shoulder,-7.825245188696905,-0.6319213210146797,-37.9082739264653,0.40209471070352265
2.71,elbow,-23.704650371270723,-28.44464005714704,3.2533606514864,281.0353065064023
2.71,wrist,-14.528747416929463,-2.4088341160966835,-67.56897807936268,68.39928897582172
2.72,shoulder,-8.188558065519757,-1.0109039881161808,-37.898266710150104,1.0007216315192977
2.72,elbow,-23.11539728327366,-28.38403502677072,6.060503037632062,280.71423861456617
2.72,wrist,-14.734308760930336,-3.0750173291219993,-66.61832130253157,95.06567768311061
2.73,shoulder,-8.550577874099274,-1.389726737393494,-37.88227492773133,1.5991782418770981
2.73,elbow,-22.503332088913805,-28.295418382412418,8.861664435830365,280.1161398198303
2.73,wrist,-14.881720519717165,-3.7290648535880258,-65.40475244660266,121.3568855928919
2.74,shoulder,-8.911247447311052,-1.7683297495682926,-37.860301217479844,2.1973710251483567
2.74,elbow,-21.869058822642334,-28.17887757801849,11.654080439392771,279.2416003562407
2.74,wrist,-14.970400926424075,-4.368395462722177,-63.93306091341507,147.16915331875862
2.75,shoulder,-9.270509831248418,-2.1466532410958274,-37.83234915275351,2.7952064726337085
2.75,elbow,-21.213203435596455,-28.0345276252973,14.43499527211886,278.09148327260885
2.75,wrist,-15.0,-4.990486010693086,-62.209054797090914,172.40061163241523
2.7600000000000002,shoulder,-9.628308294216284,-2.5246374735136414,-37.79842324178141,3.392591097209788
2.7600000000000002,elbow,-20.536413177860656,-27.862510980218033,17.201664507926584,276.6669235807724
2.7600000000000002,wrist,-14.970400926424073,-5.592881390314497,-60.239537962141156,196.95168349497567
2.77,shoulder,-9.984586335689603,-2.9022227627867343,-37.75852892730928,3.9894314472127803
2.77,elbow,-19.839355959709554,-27.66299740242523,19.95135777928048,274.96932713538973
2.77,wrist,-14.881720519717167,-6.173204222231704,-58.03228319172071,220.725477042045
2.7800000000000002,shoulder,-10.339287695235516,-3.279349488647775,-37.71267258610405,4.585634120522968
2.7800000000000002,elbow,-19.12271969246069,-27.436183787707776,22.681361471745547,273.0003692465066
2.7800000000000002,wrist,-14.73430876093033,-6.729164237351747,-55.59600151200429,243.62816797164123
2.79,shoulder,-10.692356361397518,-3.655958103930931,-37.66086152831562,5.181105778842607
2.79,elbow,-18.3872116095893,-27.182293973687706,25.38898140200717,270.761993026162
2.79,wrist,-14.528747416929468,-7.258567315489205,-52.94030781374578,265.569369825851
2.8000000000000003,shoulder,-11.04373658054035,-4.0319891438978726,-37.60310399669414,5.7757531621482485
2.8000000000000003,elbow,-17.633557568774204,-26.901578518920562,28.07154547671441,268.25640747072407
2.8000000000000003,wrist,-14.265847744427306,-7.7593241445561745,-50.07568290669694,286.46249070488443
2.81,shoulder,-11.393372865654035,-4.407383235554483,-37.53940916566107,6.369483103306607
2.81,elbow,-16.862501335563934,-26.594314455625337,30.726406329522657,265.4860852808248
2.81,wrist,-13.946647288323778,-8.22945846612257,-47.01343215663951,306.2250750057428
2.82,shoulder,-11.741210005116065,-4.782081106956811,-37.46978714023282,6.96220254282531
2.82,elbow,-16.07480384936992,-26.260805016288007,33.35094393373319,262.4537604210531
2.82,wrist,-13.572405786990302,-8.667114874805282,-43.765640868271376,324.7791288368135
2.83,shoulder,-12.087193071409876,-5.156023596504765,-37.394248954795415,7.553818543739965
2.83,elbow,-15.271242472511165,-25.901379334408492,35.94256818795131,259.16242542181215
2.83,wrist,-13.144600200657967,-9.070566140705584,-40.345126590030105,342.05142782412725
2.84,shoulder,-12.43126742979851,-5.529151662222057,-37.31280657172928,8.144238306613545
2.84,elbow,-14.45261022305149,-25.51639211968638,38.49872147221135,255.61532842600445
2.84,wrist,-12.664918882530243,-9.438220025996433,-36.765388529085016,357.973806094509
2.85,shoulder,-12.77337874695218,-5.901406391020887,-37.225472879882986,8.733369184629396
2.85,elbow,-13.619714992186392,-25.10622330796592,41.016881172045984,251.815969983463
2.85,wrist,-12.135254915624202,-9.76862556875777,-33.040554276133626,372.4834252951387
2.86,shoulder,-13.11347299952798,-6.272729007949839,-37.132261692895185,9.321118698780197
2.86,elbow,-12.773378746952222,-24.671277686285833,43.494562168008684,247.76809959627002
2.86,wrist,-11.557698641636865,-10.060478809260324,-29.185324050255524,385.52302258781043
2.87,shoulder,-13.451496482700962,-6.643060885423479,-37.03318774736402,9.907394553116546
2.87,elbow,-11.914436719043417,-24.211984493403904,45.92931928819309,243.47571201844073
2.87,wrist,-10.93452941132117,-10.312627936098957,-25.214912683863318,397.04113663922067
2.88,shoulder,-13.787395818644633,-7.012343552432112,-36.92826670086336,10.492104650065983
2.88,elbow,-11.043736580540342,-23.728796996190624,48.31874972132806,238.94304331349656
2.88,wrist,-10.26820658893033,-10.52407783186606,-21.144989576710284,406.99231071530335
2.89,shoulder,-14.121117964959977,-7.380518703730166,-36.817515129805436,11.0751571057923
2.89,elbow,-10.16213760735875,-23.222192042309945,50.660495388067815,234.17456667397573
2.89,wrist,-9.56135984623035,-10.693994000425342,-16.99161685592807,415.3372720782214
2.9,shoulder,-14.45261022305145,-7.747528209001661,-36.700950527149516,11.656460265592159
2.9,elbow,-9.270509831248436,-22.69266958962858,52.952245268136586,229.1749880068769
2.9,wrist,-8.816778784387106,-10.821705860286832,-12.77118598614899,422.04308697790793
2.91,shoulder,-14.781820246448753,-8.113314122001226,-36.57859129995639,12.235922719312498
2.91,elbow,-8.369733181176896,-22.140752212818267,55.191737681031206,223.94924128946195
2.91,wrist,-8.037401924684962,-10.906709391085668,-8.500353079883656,427.08329062653337
2.92,shoulder,-15.10869604907282,-8.47781868966911,-36.45045676678852,12.813453316787388
2.92,elbow,-7.460696614945668,-21.566984587637958,57.37676251803102,218.50248369998144
2.92,wrist,-7.226305111525749,-10.948669122720212,-4.195973163454335,430.43799164293205
2.93,shoulder,-15.433186013445193,-8.84098436121867,-36.31656715495587,13.388961183264882
2.93,elbow,-6.544297241896254,-20.971932953404835,59.505163423312325,212.84009052812996
2.93,wrist,-6.386689373476066,-10.947419459299274,0.12496634209367574,432.09395055480104
2.94,shoulder,-15.755238898838861,-9.202753797194745,-36.176943597607476,13.962355734839264
2.94,elbow,-5.621439437571774,-20.356184554184686,61.57483992201468,206.96764987023585
2.94,wrist,-5.521868290270199,-10.902965332673455,4.445412662581948,432.04463204882717
2.95,shoulder,-16.074803849369903,-9.563069878501434,-36.03160813066894,14.53354669385351
2.95,elbow,-4.693033951206915,-19.72034705925309,63.58374949315959,200.89095711449022
2.95,wrist,-4.635254915624196,-10.815482182971373,8.748314970208243,430.29023076262956
2.96,shoulder,-16.39183040202807,-9.921875715397695,-35.88058368962608,15.102444104286064
2.96,elbow,-3.75999700692912,-19.06504796339934,65.52990958537482,194.6160092215231
2.96,wrist,-3.7303483074728114,-10.685315266217636,13.016691675373774,426.8376705165531
2.97,shoulder,-16.706268494645638,-10.279114656459246,-35.72389410615517,15.668958347090893
2.97,elbow,-2.823249399555428,-18.390933967664978,67.41139957343619,188.14899880613677
2.97,wrist,-2.8107197187858644,-10.512978291765041,17.233697445259388,421.7005769885613
2.98,shoulder,-17.018068473802686,-10.634730297505246,-35.56156410460014,16.23300015550376
2.98,elbow,-1.8837155858794055,-17.698670341128025,69.22636265369519,181.49630802590025
2.98,wrist,-1.8799985034645639,-10.299151394918459,21.382689684658267,414.899223939888
2.99,shoulder,-17.327181102668032,-10.98866649048822,-35.39361929829724,16.794480630289684
2.99,elbow,-0.9423227723438581,-16.988940264362803,70.97300767652227,174.66450228270776
2.99,wrist,-0.9418577929397063,-10.0446784527515,25.447294216695948,406.460453203768
3.0,shoulder,-17.63355756877419,-11.340867352345697,-35.220086185747846,17.353311254939058
3.0,elbow,-1.469576158976824e-14,-16.262444155223232,72.64961091395728,167.66032374350016
3.0,wrist,-1.1021821192326178e-14,-9.750563753709242,29.411469904225786,396.417568752984
3.0100000000000002,shoulder,-17.937149491725563,-11.691277273812096,-35.040992146639965,17.909403910788114
3.0100000000000002,elbow,0.9423227723438821,-15.519898977615005,74.25451776082267,160.49068468653957
3.0100000000000002,wrist,0.9418577929397375,-9.417968034140554,33.25957195686885,384.8102052643058
3.02,shoulder,-18.237908930838167,-12.039840928189289,-34.8563654377192,18.462670892076915
3.02,elbow,1.8837155858793757,-14.7620375339388,75.78614436762058,153.16266067979075
3.02,wrist,1.8799985034645421,-9.048203897402015,36.976413673853905,371.684171698506
3.0300000000000002,shoulder,-18.53578839271003,-12.386503280074388,-34.66623518850996,19.013024920923897
3.0300000000000002,elbow,2.823249399555452,-13.989607741902773,77.24297920360266,145.6834835982081
3.0300000000000002,wrist,2.8107197187858954,-8.642730633612139,40.547326378987606,357.0912705133703
3.04,shoulder,-18.83074083872101,-12.731209594043266,-34.47063139688781,19.560379162214815
3.04,elbow,3.7599970069290913,-13.203371896418078,78.62358454846945,138.0605344866799
3.04,wrist,3.73034830747279,-8.203148460499964,43.95821731121753,341.0890932229926
3.0500000000000003,shoulder,-19.1227196924607,-13.073905443288304,-34.26958492450376,20.104647238405164
3.0500000000000003,elbow,4.693033951206938,-12.404105917305797,79.92659791122813,130.30133627586747
3.0500000000000003,wrist,4.635254915624226,-7.7311922080767435,47.19562524232208,323.7407931104548
3.06,shoulder,-19.41167884708333,-13.414536718208918,-34.06312749206147,20.64574324422904
3.06,elbow,5.621439437571746,-11.592598583557724,81.15073337480727,122.41354635791515
3.06,wrist,5.521868290270179,-7.228724472054463,50.24677360222809,305.11483599060057
3.0700000000000003,shoulder,-19.697572672588695,-13.753049634953403,-33.85129167444846,21.183581761300672
3.0700000000000003,elbow,6.5442972418962775,-10.769650754906696,82.2947828651028,114.40494902955265
3.0700000000000003,wrist,6.386689373476094,-6.697728263031502,53.09962090229604,285.28473000679514
3.08,shoulder,-19.980356023027543,-14.089390743910625,-33.63411089572224,21.718077872622075
3.08,elbow,7.46069661494564,-9.936074581474678,83.35761734320187,106.28344780990653
3.08,wrist,7.226305111525728,-6.140299180455758,55.742908257574456,264.3287355278417
3.09,shoulder,-20.259984243630722,-14.423506938150151,-33.411619423952494,22.24914717697402
3.09,elbow,8.36973318117687,-9.092692702278592,84.33818791960857,98.05705764067034
3.09,wrist,8.037401924684945,-5.558637142251007,58.166203820475104,242.32955629006483
3.1,shoulder,-20.536413177860663,-14.755345461809355,-33.1838523659205,22.77670580319949
3.1,elbow,9.27050983124841,-8.240337433384875,85.23552688937174,89.73389697631728
3.1,wrist,8.816778784387086,-4.955037702745911,60.35994395050956,219.37401300344573
3.11,shoulder,-20.80959917438414,-15.084853918426123,-32.95084566167677,23.30067042437264
3.11,elbow,10.162137607358723,-7.379849946513942,86.0487486870933,81.32217977215487
3.11,wrist,9.561359846230333,-4.331882993169821,62.31547095760902,195.55270070994652
3.12,shoulder,-21.079499093965474,-15.411980279215706,-32.71263607895837,23.82095827184017
3.12,elbow,11.043736580540314,-6.512079438905196,86.77705076087466,72.83020737813581
3.12,wrist,10.268206588930314,-3.6916323204691044,64.02506727007169,170.95963124626655
3.13,shoulder,-21.346070316278556,-15.736672891290375,-32.469261207466836,24.337487149152935
3.13,elbow,11.91443671904339,-5.637882295261807,87.41971436433886,64.26636034641933
3.13,wrist,10.934529411321153,-3.0368124615461802,65.48198589229243,145.6918622220735
3.14,shoulder,-21.609270746637208,-16.058880485820456,-32.22075945300822,24.850175445861396
3.14,elbow,12.773378746952195,-4.758121242602341,87.9761052659466,55.639090160773776
3.14,wrist,11.557698641636852,-2.3700076912254597,66.68047703207206,119.84911397796373
3.15,shoulder,-21.86905882264234,-16.37855218613542,-31.967170031496316,25.358942151190377
3.15,elbow,13.619714992186365,-3.8736644988532785,88.44567437490623,46.95691089596312
3.15,wrist,12.135254915624188,-1.6938495833012572,67.61581079242025,93.53337603481873
3.16,shoulder,-22.12539352074522,-16.695637515763625,-31.70853296282053,25.863706867578486
3.16,elbow,14.452610223051463,-2.9853849160226753,88.82795828306033,38.22839081540974
3.16,wrist,12.66491888253023,-1.0110066249182752,68.2842958382982,66.8485045877951
3.17,shoulder,-22.378234362725465,-17.01008640640942,-31.444889064579623,26.364389824090665
3.17,elbow,15.27124247251114,-2.0941591188005413,89.12257972221337,29.46214391530475
3.17,wrist,13.144600200657955,-0.32417368527196044,68.68329396463147,39.8998126333272
3.18,shoulder,-22.627541422083112,-17.321849205866247,-31.17627994568273,26.860911889689334
3.18,elbow,16.074803849369893,-1.200866639436041,89.32924793645003,20.666821423665397
3.18,wrist,13.572405786990291,0.36393861980904196,68.81123050810024,12.793654346876565
3.19,shoulder,-22.873275330343436,-17.630876685864436,-30.90274799981899,27.353194586374286
3.19,elbow,16.862501335563913,-0.3063890497452809,89.447758969076,11.85110326259678
3.19,wrist,13.946647288323769,1.0506146254252018,68.66760056161598,-14.362994648425683
3.2,shoulder,-23.11539728327368,-17.937120049852407,-30.624336398797166,27.841160102182158
3.2,elbow,17.63355756877418,0.5883909088937047,89.47799586389856,3.023689482255577
3.2,wrist,14.2658477444273,1.7331443350947928,68.2529709669591,-41.46295946568807
3.21,shoulder,-23.353869047010694,-18.240530940709974,-30.341089085756707,28.324731304045855
3.21,elbow,18.38721160958928,1.4825901967001855,89.41992878064808,-5.806708325048021
3.21,wrist,14.528747416929463,2.408834115871927,67.56897807771338,-68.39928892457192
3.22,shoulder,-23.588652964098575,-18.54106144839249,-30.053050768251612,28.8038317505096
3.22,elbow,19.122719692460713,2.375326346944452,89.27361502442663,-14.631375622145242
3.22,wrist,14.734308760930336,3.0750173288851865,66.61832130132596,-95.06567763874136
3.23,shoulder,-23.81971195943505,-18.838664117504575,-29.760266911208507,29.278385704310494
3.23,elbow,19.839355959709533,3.265718336835997,89.03919898915449,-23.44160352721474
3.23,wrist,14.881720519717165,3.7290648533429804,65.4047524457794,-121.35688555465708
3.24,shoulder,-24.047009546126294,-19.13329195480218,-29.462783729760513,29.7483181447993
3.24,elbow,20.536413177860673,4.152887456986704,88.71691201507075,-32.22869740837314
3.24,wrist,14.970400926424075,4.368395462472176,63.933060912919565,-147.16915328598282
3.25,shoulder,-24.27050983124842,-19.42489843662176,-29.16064818195817,30.213554780234375
3.25,elbow,21.213203435596434,5.0359581785909855,88.30707216042809,-40.983985464265174
3.25,wrist,15.0,4.9904860104409225,62.209054796874696,-172.40061160448715
3.2600000000000002,shoulder,-24.49017752151552,-19.71343751623535,-28.85390796135902,30.67402205991496
3.2600000000000002,elbow,21.86905882264235,5.914059017467061,87.81008388760755,-49.69882728205505
3.2600000000000002,wrist,14.970400926424073,5.592881390062535,60.239537962161265,-196.95168347134302
3.27,shoulder,-24.705977928852825,-19.998863631130323,-28.54261148949729,31.129647186173116
3.27,elbow,22.503332088913783,6.786323394106687,87.22643766396267,-58.364622364487104
3.27,wrist,14.881720519717167,6.173204221981927,58.032283191939165,-220.7254770222097
3.2800000000000002,shoulder,-24.91787697587438,-20.281131710212673,-28.226807908235127,31.58035812621611
3.2800000000000002,elbow,23.115397283273673,7.65189048888456,86.55670947778734,-66.972818617533
3.2800000000000002,wrist,14.73430876093033,6.729164237105803,55.596001512387616,-243.62816795515448
3.29,shoulder,-25.125841201264258,-20.560197180932644,-27.90654707199695,32.02608362381761
3.29,elbow,23.704650371270706,8.509906091583407,85.80156026988455,-75.51492079027946
3.29,wrist,14.528747416929468,7.258567315248449,52.94030781426453,-265.56936981230865
3.3000000000000003,shoulder,-25.32983776506046,-20.836015976331527,-27.58187953988832,32.46675321086292
3.3000000000000003,elbow,24.270509831248415,9.35952344439638,84.96173528129741,-83.98249885871417
3.3000000000000003,wrist,14.265847744427308,7.759324144321702,50.075682907325294,-286.46249069392366
3.31,shoulder,-25.52983445384075,-21.108544542008538,-27.252856567700942,32.90229721873769
3.31,elbow,24.812417228236843,10.19990407757484,84.038063317846,-92.36719634514111
3.31,wrist,13.946647288323778,8.22945846589525,47.013432157354906,-306.22507499703863
3.3200000000000003,shoulder,-25.725799685809577,-21.37773984300659,-26.919530099805282,33.332646789565985
3.3200000000000003,elbow,25.329837765060464,11.0302186368968,83.03145593219585,-100.66073856501453
3.3200000000000003,wrist,13.57240578699028,8.667114874585792,43.765640869054145,-324.77912883007605
3.33,shoulder,-25.917702515785056,-21.643559370615915,-26.581952760932246,33.75773388730366
3.33,elbow,25.822260810118294,11.849647702139453,81.94290652426525,-108.85494079306056
3.33,wrist,13.144600200657967,9.070566140494424,40.345126590863224,-342.0514278190923
3.34,shoulder,-26.105512640085767,-21.90596114909437,-26.240177847845608,34.17749130866389
3.34,elbow,26.28920040131589,12.657382595748047,80.77348936085929,-116.94171634059671
3.34,wrist,12.664918882530245,9.438220025793962,36.76538852995377,-357.97380609094597
3.35,shoulder,-26.289200401315906,-22.164903742303437,-25.894259320906574,34.591852693903434
3.35,elbow,26.73019572565104,13.452626180903026,79.52435851549797,-124.9130845361318
3.35,wrist,12.135254915624204,9.768625568564216,33.04055427702536,-372.48342529284093
3.36,shoulder,-26.468736793048603,-22.420346260258757,-25.544251795532116,35.000752537445976
3.36,elbow,27.144811573980565,14.234593648197874,78.19674672948473,-132.7611786013233
3.36,wrist,11.557698641636867,10.06047880907581,29.18532405115942,-385.5230225865937
3.37,shoulder,-26.64409346440634,-22.672248365594243,-25.19021053354858,35.40412619835365
3.37,elbow,27.532638770519434,15.002513290151269,76.7919641953395,-140.47825341452312
3.37,wrist,10.93452941132117,10.312627935923512,25.2149126847702,-397.0411366389219
3.38,shoulder,-26.815242724537907,-22.920570279938666,-24.83219143444216,35.80190991064208
3.38,elbow,27.89329457664754,15.755627262789234,75.31139726379652,-148.0566931542976
3.38,wrist,10.268206588930331,10.524077831699636,21.144989577612424,-406.99231071577765
3.39,shoulder,-26.982157546991125,-23.165272790203744,-24.47025102650777,36.19404079343889
3.39,elbow,28.22642306862676,16.493192333545668,73.75650707564346,-155.48901881530662
3.39,wrist,9.561359846230351,10.693994000267825,16.991616856819007,-415.3372720793416
3.4,shoulder,-27.14481157398058,-23.406317254782724,-24.104446457897883,36.58045686098876
3.4,elbow,28.531695488854602,17.214480614743184,72.1288281197516,-162.7678955891854
3.4,wrist,8.816778784387107,10.821705860138058,12.771185987023392,-422.0430869795615
3.41,shoulder,-27.303179120549867,-23.643665609658452,-23.73483548757291,36.96109703249735
3.41,elbow,28.808810570308285,17.91878028193039,70.42996671872046,-169.88614010311323
3.41,wrist,8.037401924684964,10.90670939094543,8.500353080737174,-427.0832906286218
3.42,shoulder,-27.457235178627528,-23.87728037442,-23.361476476154706,37.335901141820244
3.42,elbow,29.057494833858925,18.6053962763667,68.66159944363113,-176.83672750893334
3.42,wrist,7.2263051115257495,10.948669122588266,4.195973164283481,-430.4379916453692
3.43,shoulder,-27.60695542097611,-24.107124658186848,-22.984428376684775,37.70480994699324
3.43,elbow,29.277502858162425,19.27365099096143,66.82547145947284,-183.61279841583018
3.43,wrist,6.3866893734760675,10.947419459175348,-0.12496634129163464,-432.09395055751156
3.44,shoulder,-27.75231620503374,-24.333162165439735,-22.60375072528875,38.06776513960253
3.44,elbow,29.468617521860654,19.922884938990183,64.92339480287563,-190.20766565972042
3.44,wrist,5.521868290270201,10.902965332557258,-4.445412661809091,-432.0446320517456
3.45,shoulder,-27.893294576647545,-24.55535720175722,-22.219503631748776,38.4247093539976
3.45,elbow,29.630650217854132,20.552457404928674,62.95724659384893,-196.61482090267066
3.45,wrist,4.6352549156241984,10.815482182862597,-8.748314969466085,-430.29023076569933
3.46,shoulder,-28.029868273698355,-24.773674679457073,-21.831747769985327,38.77558617634486
3.46,elbow,29.763441039434337,21.16174707676158,60.92896718329045,-202.8279410558473
3.46,wrist,3.7303483074728137,10.685315266115964,-13.016691674663338,-426.8376705197253
3.47,shoulder,-28.162015729616225,-24.988080123141575,-21.440544368450162,39.12034015351654
3.47,elbow,29.8668589380924,21.75015265914252,58.84055823809409,-208.8408945196361
3.47,wrist,2.810719718785866,10.512978291670152,-17.23369744458128,-421.70057699179443
3.48,shoulder,-28.28971607678593,-25.198539675145895,-21.04595520043189,39.458916801827144
3.48,elbow,29.940801852848146,22.31709346679998,56.69408076574618,-214.64774723479132
3.48,wrist,1.8799985034645659,10.299151394830025,-21.382689684012746,-414.89922394314635
3.49,shoulder,-28.412949149842326,-25.405020100888652,-20.648042574275912,39.79126261559787
3.49,elbow,29.98519681097195,22.86200999760358,54.49165308035982,-220.24276853863608
3.49,wrist,0.9418577929397081,10.044678452669196,-25.44729421608296,-406.4604532070215
3.5,shoulder,-28.531695488854606,-25.607488794123853,-20.246869323520222,40.11732507556917
3.5,elbow,30.0,23.384364484725126,52.23544871215449,-225.62043682053257
3.5,wrist,1.2858791391047208e-14,9.750563753632745,-29.41146990364503,-396.4175687562073
3.5100000000000002,shoulder,-28.64593634239929,-25.80591378209334,-19.842498796948778,40.43705265714436
3.5100000000000002,elbow,29.985196810971946,23.883641427349566,49.92769426244405,-230.7754449710447
3.5100000000000002,wrist,-0.9418577929397356,9.417968034069547,-33.25957195631981,-384.810205267478
3.52,shoulder,-28.75565367052128,-26.000263730578983,-19.434994848564052,40.75039483847269
3.52,elbow,29.94080185284815,24.359348099412067,47.570667206249915,-235.70270561941356
3.52,wrist,-1.8799985034645401,9.048203897336188,-36.97641367333591,-371.68417170161
3.5300000000000002,shoulder,-28.86083014758258,-26.190507948853785,-19.024421827480367,41.05730210836856
3.5300000000000002,elbow,29.8668589380924,24.81101503585915,45.166693644708126,-240.39735615417908
3.5300000000000002,wrist,-2.810719718785893,8.64273063355119,-40.54732637849983,-357.091270516392
3.54,shoulder,-28.96144916499822,-26.376616394531183,-18.61084456773971,41.35772597406549
3.54,elbow,29.76344103943434,25.238196495954032,42.718146009488265,-244.85476352198611
3.54,wrist,-3.730348307472789,8.2031484604436,-43.95821731075904,-341.08909322592103
3.5500000000000003,shoulder,-29.057494833858936,-26.5585596783117,-18.194328378051637,41.65161896880758
3.5500000000000003,elbow,29.63065021785413,25.64047090316893,40.22744072148973,-249.07052879985338
3.5500000000000003,wrist,-4.635254915624224,7.731192208024682,-47.195625241891854,-323.74079311328114
3.56,shoulder,-29.148951987440217,-26.736309068626287,-17.774939031458914,41.93893465927238
3.56,elbow,29.468617521860658,26.01744126123019,37.697035806125996,-253.040491536373
3.56,wrist,-5.521868290270177,7.228724472006432,-50.24677360182505,-305.11483599331916
3.5700000000000003,shoulder,-29.23580618359732,-26.909836496175593,-17.352742754930613,42.21962765283004
3.5700000000000003,elbow,29.27750285816242,26.368735545905693,35.12942846755021,-256.76073385757803
3.5700000000000003,wrist,-6.386689373476092,6.697728262987241,-53.09962090191906,-285.2847300094012
3.58,shoulder,-29.318043707045803,-27.079114558364434,-16.927806218884246,42.493653604636535
3.58,elbow,29.057494833858936,26.694007072147855,32.527152624216136,-260.227584333408
3.58,wrist,-7.226305111525726,6.140299180415018,-55.74290825722238,-264.32873553033244
3.59,shoulder,-29.395651571527406,-27.244116523630822,-16.500196526638696,42.76096922455511
3.59,elbow,28.808810570308296,26.99293483622992,29.892776408206466,-263.43762160096713
3.59,wrist,-8.037401924684943,5.55863714221355,-58.16620382014677,-242.3295562924386
3.6,shoulder,-29.46861752186066,-27.40481633566882,-16.069981203799536,43.021532283916
3.6,elbow,28.531695488854613,27.265223832537885,27.228899630796505,-266.3876777409961
3.6,wrist,-8.816778784387086,4.955037702711512,-60.35994395020379,-219.37401300570252
3.61,shoulder,-29.536930035876164,-27.561188617544605,-15.637228187578511,43.27530162210249
3.61,elbow,28.22642306862677,27.51060534470543,24.538151216754255,-269.074841404225
3.61,wrist,-9.561359846230332,4.331882993138265,-62.315470957324656,-195.55270071208668
3.62,shoulder,-29.600578326236043,-27.713208675705093,-15.202005816048805,43.522237152970575
3.62,elbow,27.893294576647556,27.728837210804517,21.82318660990902,-271.4964606845234
3.62,wrist,-10.268206588930312,3.6916323204401893,-64.02506726980758,-170.95963124829166
3.63,shoulder,-29.659552342137417,-27.860852503878473,-14.76438281733783,43.76229987109751
3.63,elbow,27.532638770519448,27.919704062330005,19.086685152548895,-273.6501457360124
3.63,wrist,-10.934529411321153,3.0368124615197147,-65.48198589204745,-145.69186222398616
3.64,shoulder,-29.713842770899536,-28.004096786866064,-14.32442829875923,43.99545185786012
3.64,elbow,27.14481157398058,28.08301753674234,16.331347441233373,-275.5337711315523
3.64,wrist,-11.55769864163685,2.3700076912012635,-66.68047703184511,-119.84911397976612
3.65,shoulder,-29.763441039434333,-28.142918904224924,-13.882211735885798,44.22165628734308
3.65,elbow,26.730195725651058,28.218616463358646,13.559892661630599,-277.1454779602774
3.65,wrist,-12.135254915624188,1.6938495832791611,-67.61581079221025,-93.53337603651426
3.66,shoulder,-29.80833931560025,-28.277296933840574,-13.437802961565065,44.44087743207335
3.66,elbow,26.289200401315902,28.32636702240874,10.77505590500928,-278.4836756621318
3.66,wrist,-12.66491888253023,1.01100662489812,-68.28429583810413,-66.84850458938718
3.67,shoulder,-29.848530509439005,-28.407209655389366,-12.991272154879232,44.6530806685833
3.67,elbow,25.82226081011831,28.406162877099078,7.979585469033908,-279.5470435975372
3.67,wrist,-13.144600200657955,0.3241736852535967,-68.68329396445233,-39.89981263481991
3.68,shoulder,-29.884008274295176,-28.532636553689876,-12.542689830051216,44.85823248280143
3.68,elbow,25.329837765060457,28.457925278554345,5.176240145526666,-280.33453235072415
3.68,wrist,-13.572405786990291,-0.36393861982575393,-68.81123050793506,-12.793654348273776
3.69,shoulder,-29.91476700781842,-28.65355782194286,-12.092126825298536,45.05630047526802
3.69,elbow,24.81241722823686,28.481603143533075,2.3677864978729755,-280.8453647653691
3.69,wrist,-13.946647288323769,-1.0506146254403927,-68.66760056146387,14.362994647119876
3.7,shoulder,-29.940801852848146,-28.769954364859228,-11.639654291636766,45.24725336617689
3.7,elbow,24.270509831248432,28.47717310484065,-0.44300386924256685,-281.07903671155424
3.7,wrist,-14.2658477444273,-1.7331443351085847,-68.25297096681918,41.46295946446935
3.71,shoulder,-29.962108698180526,-28.88180780167557,-11.185343681634345,45.43106100024221
3.71,elbow,23.704650371270727,28.444639534389893,-3.2533570450754117,-281.0353175832845
3.71,wrist,-14.528747416929463,-2.408834115884433,-67.56897807758482,68.39928892343653
3.72,shoulder,-29.97868417921768,-28.989100469056776,-10.72926673812044,45.60769435139038
3.72,elbow,23.115397283273662,28.38403453888653,-6.0604995503361,-280.7142505260689
3.72,wrist,-14.734308760930336,-3.0750173288965126,-66.61832130120797,95.06567763768487
3.73,shoulder,-29.990525678498997,-29.091815423885254,-10.271495482847694,45.77712552727468
3.73,elbow,22.503332088913808,28.29541792814374,-8.861661074279404,-280.11615239433024
3.73,wrist,-14.881720519717163,-3.7290648533532247,-65.40475244567122,121.35688555367551
3.74,shoulder,-29.997631326114483,-29.18993644593637,-9.81210220511157,45.939327773612405
3.74,elbow,21.869058822642334,28.17887715605707,-11.654077208666717,-279.2416134387314
3.74,wrist,-14.970400926424075,-4.36839546248143,-63.93306091282051,147.1691532850714
3.75,shoulder,-30.0,-29.28344804043965,-9.351159450328096,46.09427547834743
3.75,elbow,21.21320343559646,28.03452723429804,-14.434992175903076,-278.09149672363606
3.75,wrist,-15.0,-4.9904860104492705,-62.20905479678408,172.40061160364257
3.7600000000000002,shoulder,-29.997631326114483,-29.37233544052537,-8.88874000857178,46.2419441756315
3.7600000000000002,elbow,20.53641317786066,27.862510618811466,-17.201661548657135,-276.6669372754059
3.7600000000000002,wrist,-14.970400926424073,-5.592881390070056,-60.23953796207847,196.95168347056108
3.77,shoulder,-29.990525678498997,-29.456584609556124,-8.42491690307549,46.382310549629096
3.77,elbow,19.839355959709557,27.662997069228673,-19.951354958279424,-274.9693409622289
3.77,wrist,-14.881720519717167,-6.173204221988692,-58.032283191863606,220.72547702148654
3.7800000000000002,shoulder,-29.978684179217677,-29.536182243343063,-7.959763378694071,46.51535243814182
3.7800000000000002,elbow,19.122719692460695,27.436183481335206,-22.68135878934668,-273.00038310672556
3.7800000000000002,wrist,-14.73430876093033,-6.729164237111879,-55.596001512318736,243.62816795448668
3.79,shoulder,-29.962108698180526,-29.6111157722464,-7.49335289033353,46.641048836054075
3.79,elbow,18.387211609589304,27.18229369275848,-25.388978857672623,-270.762006832594
3.79,wrist,-14.52874741692947,-7.258567315253898,-52.94030781420181,265.5693698116926
3.8000000000000003,shoulder,-29.940801852848146,-29.681373363159874,-7.025759091347546,46.75937989859839
3.8000000000000003,elbow,17.633557568774208,26.901578262067055,-28.07154306914247,-268.25642114698496
3.8000000000000003,wrist,-14.265847744427308,-7.75932414432658,-50.075682907268245,286.46249069335613
3.81,shoulder,-29.91476700781842,-29.746943921378907,-6.557055821903161,46.87032694443858
3.81,elbow,16.862501335563937,26.594314221499584,-30.726404056747246,-265.4860987604774
3.81,wrist,-13.946647288323778,-8.229458465899611,-47.013432157303086,306.2250749965161
3.8200000000000003,shoulder,-29.884008274295173,-29.80781709235208,-6.087317097317414,46.97387245857466
3.8200000000000003,elbow,16.074803849369875,26.26080480356743,-33.3509417932154,-262.4537736468156
3.8200000000000003,wrist,-13.57240578699028,-8.667114874589682,-43.76564086900713,324.77912882959583
3.83,shoulder,-29.848530509439005,-29.86398326331575,-5.616617096366791,47.070000095062376
3.83,elbow,15.271242472511169,25.9013791418008,-35.942566176663306,-259.1624383447909
3.83,wrist,-13.144600200657969,-9.070566140497888,-40.34512659082062,342.0514278186511
3.84,shoulder,-29.80833931560025,-29.91543356481146,-5.145030149571248,47.15869467955428
3.84,elbow,14.452610223051494,25.516391945933666,-38.49871958671329,-255.6153410049987
3.84,wrist,-12.664918882530245,-9.43822002579704,-36.76538852991521,357.9738060905414
3.85,shoulder,-29.763441039434337,-29.96215987208601,-4.672630727454698,47.23994221165498
3.85,elbow,13.619714992186395,25.106223151848106,-41.01687940855606,-251.81598218427678
3.85,wrist,-12.135254915624204,-9.768625568566945,-33.040554276990505,372.4834252924702
3.86,shoulder,-29.713842770899536,-30.004154806373847,-4.199493428783733,47.31372986709649
3.86,elbow,12.773378746952226,24.671277546623436,-43.49456052246686,-247.7681113910802
3.86,wrist,-11.557698641636868,-10.060478809078225,-29.185324051127964,385.5230225862542
3.87,shoulder,-29.659552342137417,-30.04141173606171,-3.725692968786462,47.380045999727095
3.87,elbow,11.91443671904342,24.211984369060247,-45.929317756318845,-243.47572338519853
3.87,wrist,-10.934529411321172,-10.312627935925644,-25.214912684741847,397.04113663861165
3.88,shoulder,-29.600578326236043,-30.073924777735243,-3.251304167353278,47.43888014331842
3.88,elbow,11.043736580540346,23.72879688607352,-48.318748298672524,-238.94305423536798
3.88,wrist,-10.268206588930333,-10.524077831701513,-21.144989577586905,406.9923107154944
3.89,shoulder,-29.536930035876164,-30.101688797107457,-2.7764019372213844,47.490223013189386
3.89,elbow,10.162137607358753,23.222191945372913,-50.66049407006068,-234.17457713881572
3.89,wrist,-9.561359846230353,-10.693994000269473,-16.99161685679607,415.3372720790833
3.9,shoulder,-29.46861752186066,-30.124699409828906,-2.3010612721449553,47.53406650764289
3.9,elbow,9.27050983124844,22.69266950487163,-52.95224405012808,-229.17499800674022
3.9,wrist,-8.81677878438711,-10.8217058601395,-12.77118598700281,422.0430869793263
3.91,shoulder,-29.39565157152741,-30.142952982179434,-1.82535723505276,47.570403709219526
3.91,elbow,8.3697331811769,22.140752139288335,-55.19173655832955,-223.94925082014697
3.91,wrist,-8.037401924684966,-10.906709390946688,-8.500353080718732,427.0832906284077
3.92,shoulder,-29.318043707045803,-30.156446631641384,-1.3493649461950867,47.59922888576733
3.92,elbow,7.460696614945672,21.566984524428978,-57.3767614859356,-218.50249276060515
3.92,wrist,-7.22630511152575,-10.948669122589358,-4.195973164266984,430.4379916451747
3.93,shoulder,-29.235806183597315,-30.1651782273542,-0.8731595712818525,47.62053749132342
3.93,elbow,6.544297241896258,20.97193289965755,-59.50516247714296,-212.840099120736
3.93,wrist,-6.386689373476069,-10.947419459176295,0.12496634130636419,432.09395055733484
3.94,shoulder,-29.14895198744022,-30.169146390450337,-0.3968163096137124,47.63432616681401
3.94,elbow,5.621439437571778,20.356184509086177,-61.57483905713727,-206.96765799943068
3.94,wrist,-5.521868290270203,-10.902965332558074,4.445412661822219,432.04463205158555
3.95,shoulder,-29.057494833858932,-30.168350494272417,0.07958961779194634,47.64059274056587
3.95,elbow,4.6930339512069175,19.720347022036094,-63.583748705008354,-200.89096478710837
3.95,wrist,-4.6352549156242,-10.815482182863295,8.748314969477764,430.2902307655544
3.96,shoulder,-28.96144916499822,-30.162790664471633,0.555982980078269,47.63933622863226
3.96,elbow,3.759997006929124,19.06504793334138,-65.52990886947154,-194.61601644631799
3.96,wrist,-3.7303483074728154,-10.68531526611656,13.016691674673705,426.83767051959416
3.97,shoulder,-28.860830147582575,-30.152467778987358,1.0322885484276303,47.63055683493613
3.97,elbow,2.823249399555432,18.390933944087315,-67.41139892540653,-188.14900559349826
3.97,wrist,-2.8107197187858683,-10.512978291670654,17.233697444590465,421.700576991676
3.98,shoulder,-28.75565367052128,-30.13738346790796,1.5084311079398511,47.61425595122208
3.98,elbow,1.8837155858794088,17.69867032339449,-69.22636206928249,-181.49631438759604
3.98,wrist,-1.8799985034645676,-10.299151394830446,21.38268968402086,414.89922394303943
3.99,shoulder,-28.645936342399292,-30.11754011321288,1.9843354695081301,47.59043615682789
3.99,elbow,0.9423227723438619,16.988940251878503,-70.97300715159896,-174.66450823164803
3.99,wrist,-0.94185779293971,-10.044678452669544,25.447294216090114,406.4604532069252
4.0,shoulder,-28.53169548885461,-30.092940848395973,2.4599264816907875,47.55910121826575
4.0,elbow,1.8369701987210297e-14,16.26244414743316,-72.64961044453418,-167.6603292935215
4.0,wrist,-1.469576158976824e-14,-9.750563753633031,29.41146990365132,396.41756875612055
4.01,shoulder,-28.41294914984233,-30.063589557970204,2.935129042576982,47.520256088619405
4.01,elbow,-0.942322772343825,15.519898974002599,-74.25451734305626,-160.49068985220902
4.01,wrist,0.9418577929396806,-9.417968034069778,33.259571956325274,384.8102052673958
4.0200000000000005,shoulder,-28.289716076785933,-30.029490876853757,3.4098681116445317,47.47390690675499
4.0200000000000005,elbow,-1.8837155858794254,14.762037534024412,-75.78614399781873,-153.16266547624605
4.0200000000000005,wrist,1.8799985034645914,-9.048203897336371,36.97641367334073,371.6841717015452
4.03,shoulder,-28.162015729616222,-29.990650189637677,3.884068721607983,47.42006099634514
4.03,elbow,-2.8232493995554484,13.989607745242127,-77.2429788782284,-145.68348804096672
4.03,wrist,2.8107197187858914,-8.64273063355133,40.547326378504025,357.09127051632936
4.04,shoulder,-28.02986827369836,-29.947073629735126,4.357655990255072,47.358726864708856
4.04,elbow,-3.759997006929088,13.20337190260069,-78.62358426414372,-138.06053859153224
4.04,wrist,3.730348307472787,-8.203148460443703,43.95821731076268,341.0890932258651
4.05,shoulder,-27.89329457664755,-29.898768078412427,4.830555132269697,47.28991420146252
4.05,elbow,-4.693033951206881,12.40410592595338,-79.92659766473102,-130.3013400587298
4.05,wrist,4.635254915624172,-7.731192208024754,47.19562524189495,323.74079311322726
4.0600000000000005,shoulder,-27.752316205033736,-29.84574116370203,5.302691471039598,47.213633876990066
4.0600000000000005,elbow,-5.621439437571741,11.592598594322595,-81.15073316307837,-122.41354983473491
4.0600000000000005,wrist,5.5218682902701755,-7.228724472006477,50.246773601827705,305.11483599327505
4.07,shoulder,-27.606955420976107,-29.78800125919756,5.773990450446799,47.129897940720156
4.07,elbow,-6.544297241896274,10.769650767470193,-82.29478268524029,-114.40495221619176
4.07,wrist,6.386689373476091,-6.697728262987264,53.09962090192133,285.2847300093621
4.08,shoulder,-27.457235178627528,-29.72555748273117,6.244377646639069,47.038719619226924
4.08,elbow,-7.460696614945635,9.936074595545584,-83.35761719246095,-106.28345072206616
4.08,wrist,7.2263051115257255,-6.14029918041502,55.74290825722431,264.328735530298
4.09,shoulder,-27.303179120549874,-29.658419694933364,6.713778779780461,46.940113314139246
4.09,elbow,-8.369733181176866,9.092692717591593,-84.33818779539911,-98.05706029381554
4.09,wrist,8.037401924684941,-5.558637142213536,58.16620382014839,242.32955629240803
4.1,shoulder,-27.144811573980597,-29.586598497675574,7.182119725779131,46.83409459986701
4.1,elbow,-9.270509831248354,8.240337449699041,-85.23552678925519,-89.73389938560763
4.1,wrist,8.816778784387042,-4.955037702711485,60.35994395020511,219.37401300567205
4.11,shoulder,-26.98215754699113,-29.510105232395667,7.649326527990579,46.72068022114476
4.11,elbow,-10.16213760735872,7.379849963611249,-86.04874860877922,-81.3221819524033
4.11,wrist,9.56135984623037,-4.331882993138228,62.31547095732577,195.55270071206678
4.12,shoulder,-26.81524272453791,-29.42895197830672,8.115325408894435,46.599888090385626
4.12,elbow,-11.043736580540362,6.512079456589082,-86.77705070221668,-72.83020934374599
4.12,wrist,10.268206588930312,-3.691632320440143,64.02506726980847,170.95963124827085
4.13,shoulder,-26.644093464406346,-29.34315155048929,8.58004278174303,46.4717372848595
4.13,elbow,-11.914436719043387,5.637882313355781,-87.41971432333017,-64.26636211134792
4.13,wrist,10.93452941132115,-3.0368124615196614,65.48198589204816,145.69186222396797
4.14,shoulder,-26.468736793048606,-29.25271749786749,9.04340526217986,46.33624804368306
4.14,elbow,-12.773378746952094,4.758121260948628,-87.97610524071527,-55.63909173851039
4.14,wrist,11.557698641636815,-2.370007691201205,66.68047703184563,119.84911397974747
4.15,shoulder,-26.289200401315902,-29.15766410106923,9.505339679826106,46.19344176462462
4.15,elbow,-13.619714992186363,3.873664517311524,-88.44567436371042,-46.956912299516034
4.15,wrist,12.135254915624218,-1.693849583279098,67.61581079221067,93.5333760365038
4.16,shoulder,-26.105512640085774,-29.058006370170897,9.9657730898334,46.0433410007294
4.16,elbow,-14.45261022305146,2.9853849344686942,-88.82795828428296,-38.228392057253814
4.16,wrist,12.66491888253023,-1.0110066248980538,68.28429583810443,66.84850458937558
4.17,shoulder,-25.917702515785063,-28.953760042326888,10.424632784401062,45.885969456766176
4.17,elbow,-15.271242472511183,2.094159137125125,-89.12257973435693,-29.462145007397112
4.17,wrist,13.144600200657953,-0.32417368525352863,68.68329396445252,39.89981263480968
4.18,shoulder,-25.725799685809584,-28.844941579284328,10.881846304255898,45.721351985483665
4.18,elbow,-16.0748038493698,1.2008666575438145,-89.32924795813105,-20.666822377412245
4.18,wrist,13.572405786990268,0.3639386198258229,68.81123050793515,12.793654348263544
4.19,shoulder,-25.529834453840756,-28.7315681647834,11.337341450092854,45.54951458369567
4.19,elbow,-16.86250133556395,0.3063890675536146,-89.44775899901998,-11.851104088893635
4.19,wrist,13.946647288323787,1.050614625440462,68.6676005614639,-14.362994647125333
4.2,shoulder,-25.32983776506045,-28.613657701843653,11.791046293974606,45.370484388175186
4.2,elbow,-17.633557568774176,-0.588390891455728,-89.47799590093426,-3.0236901914274767
4.2,wrist,14.2658477444273,1.7331443351086535,68.25297096681915,-41.46295946447526
4.21,shoulder,-25.12584120126426,-28.491228809936768,12.242889190688395,45.18428967137882
4.21,elbow,-18.38721160958932,-1.482590179692751,-89.4199288237023,5.806707723195586
4.21,wrist,14.52874741692946,2.408834115884501,67.56897807758473,-68.39928892344176
4.22,shoulder,-24.917876975874385,-28.364300822046186,12.692798789058276,44.99095983698814
4.22,elbow,-19.12271969246067,-2.3753263304179386,-89.27361507251878,14.63137511835248
4.22,wrist,14.734308760930325,3.075017328896579,66.61832130120783,-95.06567763768976
4.23,shoulder,-24.705977928852814,-28.232893781614077,13.140704043210963,44.79052541526866
4.23,elbow,-19.839355959709568,-3.2657183208318536,-89.0391990413915,23.441603112727535
4.23,wrist,14.88172051971717,3.7290648533532895,65.40475244567105,-121.3568855536779
4.24,shoulder,-24.490177521515523,-28.097028439376142,13.586534223793509,44.58301805825445
4.24,elbow,-20.536413177860627,-4.1528874415382715,-88.71691207064178,32.228697074971706
4.24,wrist,14.970400926424075,4.368395462481493,63.93306091282031,-147.169153285074
4.25,shoulder,-24.270509831248425,-27.95672625008473,14.030218929141114,44.36847053476062
4.25,elbow,-21.21320343559643,-5.035958163724268,-88.30707221859966,40.983985204211876
4.25,wrist,15.0,4.990486010449331,62.20905479678387,-172.4006116036444
4.26,shoulder,-24.047009546126297,-27.812009369120798,14.471688096393198,44.146916725208456
4.26,elbow,-21.86905882264231,-5.914059003201453,-87.81008394771852,49.698827088113376
4.26,wrist,14.970400926424077,5.592881390070113,60.239537962078245,-196.95168347056222
4.2700000000000005,shoulder,-23.81971195943506,-27.662900648995237,14.910872012556037,43.918391616283884
4.2700000000000005,elbow,-22.503332088913854,-6.78632338045565,-87.22643772541974,58.364622229878364
4.2700000000000005,wrist,14.881720519717161,6.173204221988747,58.032283191863364,-220.72547702148813
4.28,shoulder,-23.588652964098564,-27.509423635740134,15.347701325510224,43.6829312954186
4.28,elbow,-23.115397283273637,-7.651890475856252,-86.55670954006017,66.97281853595769
4.28,wrist,14.73430876093033,6.729164237111932,55.596001512318495,-243.62816795448703
4.29,shoulder,-23.353869047010697,-27.35160256519052,15.78210705496118,43.440572945095695
4.29,elbow,-23.704650371270702,-8.509906079181269,-85.80156033250162,75.51492075585497
4.29,wrist,14.52874741692947,7.258567315253948,52.94030781420157,-265.5693698116929
4.3,shoulder,-23.115397283273687,-27.18946235915721,16.21402060333102,43.19135483698395
4.3,elbow,-24.270509831248443,-9.359523432619685,-84.96173534384174,83.9824988659891
4.3,wrist,14.265847744427308,7.759324144326627,50.075682907268,-286.46249069335624
4.3100000000000005,shoulder,-22.873275330343425,-27.02302862149131,16.643373766590052,42.9353163259033
4.3100000000000005,elbow,-24.812417228236903,-10.199904066419196,-84.03806337995105,92.36719638906789
4.3100000000000005,wrist,13.946647288323758,8.229458465899656,47.01343215730283,-306.2250749965176
4.32,shoulder,-22.6275414220831,-26.85232763404105,17.070098745026133,42.672497843607914
4.32,elbow,-25.329837765060464,-11.030218626354612,-83.03145599354168,100.66073864093664
4.32,wrist,13.572405786990283,8.667114874589725,43.76564086900688,-324.77912882959515
4.33,shoulder,-22.37823436272547,-26.677386352501546,17.494128153950275,42.40294089241419
4.33,elbow,-25.82226081011829,-11.84964769220036,-81.94290658457489,108.85494089667952
4.33,wrist,13.144600200657969,9.07056614049793,40.34512659082037,-342.05142781865055
4.34,shoulder,-22.12539352074522,-26.49823240215818,17.915395034336782,42.126688038650855
4.34,elbow,-26.289200401315913,-12.657382586399313,-80.77348941989523,116.94171646796553
4.34,wrist,12.664918882530246,9.43822002579708,36.765388529914965,-357.97380609054056
4.3500000000000005,shoulder,-21.869058822642327,-26.31489407352422,18.333832863396182,41.84378290593989
4.3500000000000005,elbow,-26.730195725651065,-13.452626172129902,-79.52435857305885,124.91308468363775
4.3500000000000005,wrist,12.135254915624206,9.768625568566982,33.04055427699027,-372.48342529246935
4.36,shoulder,-21.609270746637204,-26.127400317873427,18.749375565079294,41.55427016831112
4.36,elbow,-27.144811573980586,-14.234593639983924,-78.1967467854022,132.76117876566502
4.36,wrist,11.557698641636836,10.060478809078258,29.18532405112771,-385.523022586256
4.37,shoulder,-21.346070316278556,-25.935780742668317,19.1619575205109,41.25819554316047
4.37,elbow,-27.532638770519412,-15.002513282478676,-76.79196424947523,140.47825359269711
4.37,wrist,10.934529411321174,10.312627935925674,25.21491268474161,-397.04113663861017
4.38,shoulder,-21.079499093965488,-25.740065606884805,19.57151357835116,40.95560578402598
4.38,elbow,-27.89329457664754,-15.755627255639071,-75.31139731603952,148.05669334357083
4.38,wrist,10.268206588930335,10.52407783170154,21.14498957758668,-406.99231071549286
4.39,shoulder,-20.80959917438416,-25.540285816233972,19.977979065083325,40.6465486732165
4.39,elbow,-28.22642306862674,-16.493192326898146,-73.75650712590738,155.48901901321403
4.39,wrist,9.561359846230394,10.693994000269498,16.991616856795893,-415.3372720790786
4.4,shoulder,-20.53641317786065,-25.33647291828171,20.38128979522599,40.33107301426634
4.4,elbow,-28.531695488854634,-17.21448060857787,-72.12882816797239,162.7678957934993
4.4,wrist,8.816778784387067,10.821705860139524,12.771185987002605,-422.0430869793288
4.41,shoulder,-20.259984243630736,-25.12865909746703,20.7813820814683,40.00922862423107
4.41,elbow,-28.808810570308268,-17.918780276226407,-70.42996676485394,169.88614031184477
4.41,wrist,8.037401924684968,10.906709390946709,8.500353080718543,-427.0832906284062
4.42,shoulder,-19.980356023027554,-24.916877170019763,21.178192744726626,39.6810663258326
4.42,elbow,-29.057494833858925,-18.605396271102915,-68.66159948765097,176.83672772029627
4.42,wrist,7.226305111525752,10.948669122589378,4.195973164266811,-430.4379916451732
4.43,shoulder,-19.697572672588716,-24.701160578778556,21.571659124120917,39.34663793942886
4.43,elbow,-29.277502858162425,-19.2736509861166,-66.82547150136857,183.6127986282412
4.43,wrist,6.386689373476119,10.947419459176313,-0.12496634130648587,-432.09395055732966
4.44,shoulder,-19.41167884708333,-24.481543387909863,21.961719086869333,39.00599627484169
4.44,elbow,-29.468617521860672,-19.92288493454311,-64.92339484265078,190.20766587177854
4.44,wrist,5.521868290270155,10.90296533255809,-4.445412661822375,-432.04463205158885
4.45,shoulder,-19.122719692460688,-24.25806027752887,22.348311038099457,38.659195123012324
4.45,elbow,-29.630650217854132,-20.5524574008583,-62.9572466315193,196.61482111314797
4.45,wrist,4.635254915624202,10.81548218286331,-8.748314969477905,-430.290230765553
4.46,shoulder,-18.83074083872103,-24.030746538223124,22.731373930574637,38.306289247517896
4.46,elbow,-29.76344103943433,-21.161747073047128,-60.9289672188826,202.8279412636699
4.46,wrist,3.7303483074728168,10.685315266116572,-13.016691674673837,-426.8376705195931
4.47,shoulder,-18.535788392710042,-23.799638065479783,23.1108472743339,37.94733437592615
4.47,elbow,-29.8668589380924,-21.750152655763564,-58.84055827164385,208.84089472387484
4.47,wrist,2.810719718785922,10.512978291670667,-17.233697444590543,-421.7005769916706
4.48,shoulder,-18.237908930838152,-23.564771354017346,23.48667114624384,37.58238719099404
4.48,elbow,-29.94080185284815,-22.317093463736537,-56.69408079729734,214.64774743465102
4.48,wrist,1.8799985034645164,10.299151394830456,-21.382689684020974,-414.8992239430433
4.49,shoulder,-17.937149491725574,-23.326183492022736,23.85878619946104,37.21150532172015
4.49,elbow,-29.985196810971946,-22.862009994836168,-54.491653109962904,220.24276873344354
4.49,wrist,0.9418577929397118,10.044678452669555,-25.447294216090214,-406.46045320692406
4.5,shoulder,-17.6335575687742,-23.0839121552947,24.22713367280357,36.83474733425308
4.5,elbow,-30.0,-23.384364482234822,-52.23544873986565,225.62043700972492
4.5,wrist,1.653273178848927e-14,9.75056375363304,-29.41146990365141,-396.41756875611964
4.51,shoulder,-17.327181102668032,-22.837995601294402,24.591655400029953,36.45217272263821
4.51,elbow,-29.98519681097195,-23.883641425118064,-49.92769428832405,230.7754451541602
4.51,wrist,-0.9418577929396788,9.417968034069787,-33.25957195632536,-384.81020526739496
4.5200000000000005,shoulder,-17.018068473802696,-22.58847266310416,24.952293819024238,36.06384189942861
4.5200000000000005,elbow,-29.940801852848146,-24.359348097421698,-47.57066723036321,235.7027057960836
4.5200000000000005,wrist,-1.8799985034645896,9.048203897336379,-36.9764136733408,-371.6841717015444
4.53,shoulder,-16.706268494645638,-22.335382743295302,25.308991980885708,35.66981618614696
4.53,elbow,-29.866858938092392,-24.811015034092918,-45.16669366712205,240.39735632411697
4.53,wrist,-2.8107197187858897,8.642730633551338,-40.54732637850409,-357.0912705163287
4.54,shoulder,-16.391830402028067,-22.078765807706084,25.661693558921744,35.27015780360375
4.54,elbow,-29.763441039434348,-25.23819649439564,-42.71814603027226,244.85476368497882
4.54,wrist,-3.730348307472785,8.20314846044371,-43.958217310762734,-341.0890932258643
4.55,shoulder,-16.074803849369914,-21.81866237913066,26.010342857542472,34.86492986207284
4.55,elbow,-29.63065021785414,-25.64047090180279,-40.227440740714684,249.0705289557572
4.55,wrist,-4.63525491562417,7.73119220802476,-47.195625241895,-323.7407931132266
4.5600000000000005,shoulder,-15.755238898838861,-21.555113530920103,26.354884821055794,34.4541963513322
4.5600000000000005,elbow,-29.46861752186066,-26.017441260041426,-37.697035823863644,253.0404916851039
4.5600000000000005,wrist,-5.521868290270174,7.2287244720064825,-50.24677360182775,-305.1148359932747
4.57,shoulder,-15.43318601344518,-21.28816088049649,26.6952650423613,34.03802213055056
4.57,elbow,-29.27750285816241,-26.368735544880153,-35.129428483872594,256.7607339991047
4.57,wrist,-6.386689373476089,6.697728262987269,-53.09962090192137,-285.28473000936185
4.58,shoulder,-15.108696049072831,-21.017846582781072,27.03142977154186,33.61647291805599
4.58,elbow,-29.057494833858936,-26.694007071272104,-32.52715263919515,260.2275844677441
4.58,wrist,-7.226305111525724,6.140299180415026,-55.74290825722434,-264.32873553029754
4.59,shoulder,-14.781820246448751,-20.744213323537558,27.36332592435144,33.18961528095798
4.59,elbow,-28.80881057030831,-26.992934835491237,-29.892776421913457,263.43762172816946
4.59,wrist,-8.03740192468494,5.558637142213541,-58.16620382014842,-242.3295562924077
4.6000000000000005,shoulder,-14.452610223051437,-20.46730431263158,27.690901090597773,32.757516624633325
4.6000000000000005,elbow,-28.531695488854613,-27.265223831924256,-27.228899643301865,266.387677861159
4.6000000000000005,wrist,-8.816778784387127,4.95503770271149,-60.359943950205206,-219.37401300567888
4.61,shoulder,-14.121117964959975,-20.187163277207393,28.014103542418592,32.320245182082004
4.61,elbow,-28.226423068626755,-27.510605344205526,-24.53815122812714,269.07484151747246
4.61,wrist,-9.561359846230369,4.331882993138231,-62.31547095732586,-195.55270071206542
4.62,shoulder,-13.787395818644631,-19.903834454782892,28.33288224245021,31.877870003161746
4.62,elbow,-27.893294576647556,-27.728837210407697,-21.8231866202171,271.496460791004
4.62,wrist,-10.26820658893031,3.6916323204401458,-64.02506726980855,-170.9596312482695
4.63,shoulder,-13.451496482700984,-19.617362586264022,28.647186851886957,31.430460943674632
4.63,elbow,-27.53263877051947,-27.919704062026277,-19.08668516185811,273.6501458358989
4.63,wrist,-10.93452941132115,3.0368124615196637,-65.48198589204821,-145.69186222396706
4.64,shoulder,-13.113472999528001,-19.32779290887972,28.956967738430407,30.978088654345186
4.64,elbow,-27.144811573980604,-28.083017536522355,-16.331347449607733,275.53377122503764
4.64,wrist,-11.557698641636813,2.3700076912012067,-66.68047703184568,-119.84911397974679
4.65,shoulder,-12.773378746952167,-19.035171149038447,29.262175984126994,30.520824569658828
4.65,elbow,-26.730195725651033,-28.218616463213674,-13.559892669132012,277.14547804757217
4.65,wrist,-12.135254915624216,1.6938495832790996,-67.61581079221071,-93.53337603650289
4.66,shoulder,-12.431267429798533,-18.73954351510752,29.5627633930928,30.058740896580645
4.66,elbow,-26.28920040131588,-28.32636702233065,-10.775055911697494,278.4836757434517
4.66,wrist,-12.664918882530229,1.0110066248980552,-68.28429583810446,-66.8485045893749
4.67,shoulder,-12.087193071409885,-18.440956690116277,29.85868249912443,29.591910603163
4.67,elbow,-25.822260810118312,-28.406162877080316,-7.979585474966392,279.54704367311024
4.67,wrist,-13.144600200657953,0.32417368525352963,-68.68329396445255,-39.89981263480945
4.68,shoulder,-11.7412100051161,-18.13945782438433,30.149886573194546,29.12040740701164
4.68,elbow,-25.329837765060486,-28.4579252785879,-5.176240150758526,280.33453242078656
4.68,wrist,-13.572405786990267,-0.3639386198258222,-68.81123050793518,-12.79365434826309
4.69,shoulder,-11.393372865654033,-17.83509452807602,30.4363296308311,28.644305763655467
4.69,elbow,-24.812417228236864,-28.48160314361247,-2.3677865024568807,280.8453648301645
4.69,wrist,-13.946647288323787,-1.0506146254404614,-68.66760056146391,14.362994647125788
4.7,shoulder,-11.043736580540337,-17.52791486368223,30.717966439378884,28.163680854778562
4.7,elbow,-24.270509831248404,-28.477173104959906,0.44300386525638524,281.07903677132657
4.7,wrist,-14.265847744427298,-1.733144335108653,-68.25297096681916,41.462959464475716
4.71,shoulder,-10.69235636139754,-17.217967338430807,30.99475252514245,27.678608576356567
4.71,elbow,-23.704650371270727,-28.444639534543516,3.253357041639126,281.0353176382741
4.71,wrist,-14.52874741692946,-2.408834115884501,-67.56897807758475,68.39928892344199
4.72,shoulder,-10.339287695235527,-16.905300896626716,31.266644180409166,27.189165526671644
4.72,elbow,-23.11539728327373,-28.38403453906947,6.060499547404303,280.71425057651766
4.72,wrist,-14.734308760930324,-3.075017328896579,-66.61832130120784,95.0656776376901
4.73,shoulder,-9.984586335689587,-16.589964911923204,31.533598470351286,26.695428994211852
4.73,elbow,-22.50333208891381,-28.29541792835138,8.861661071809182,280.1161524404879
4.73,wrist,-14.88172051971717,-3.72906485335329,-65.40475244567106,121.35688555367813
4.74,shoulder,-9.628308294216295,-16.272009179525146,31.795573239805947,26.197476945466065
4.74,elbow,-21.86905882264234,-28.178877156285207,11.654077206617504,279.24161348083214
4.74,wrist,-14.970400926424075,-4.368395462481494,-63.93306091282032,147.16915328507423
4.75,shoulder,-9.27050983124843,-15.951483908325825,32.05252711993216,25.695388012621038
4.75,elbow,-21.213203435596462,-28.03452723454284,14.434992174236651,278.09149676191464
4.75,wrist,-15.0,-4.990486010449333,-62.209054796783875,172.40061160364473
4.76,shoulder,-8.911247447311052,-15.62843971297839,32.304419534743495,25.18924148113365
4.76,elbow,-20.536413177860737,-27.862510619069464,17.201661547337515,276.6669373100863
4.76,wrist,-14.970400926424077,-5.592881390070115,-60.23953796207825,196.95168347056244
4.7700000000000005,shoulder,-8.550577874099284,-15.302927605903232,32.55121070751566,24.67911727721622
4.7700000000000005,elbow,-19.839355959709522,-27.662997069496736,19.95135495727298,274.9693409935463
4.7700000000000005,wrist,-14.881720519717161,-6.173204221988749,-58.03228319186337,220.72547702148836
4.78,shoulder,-8.188558065519755,-14.974998989232555,32.7928616670678,24.165095955213815
4.78,elbow,-19.1227196924607,-27.436183481610517,22.681358788621843,273.00038313488653
4.78,wrist,-14.73430876093033,-6.7291642371119345,-55.596001512318495,243.62816795448748
4.79,shoulder,-7.825245188696903,-14.644705646693389,33.02933425391663,23.647258684883695
4.79,elbow,-18.387211609589265,-27.182293693038517,25.388978857199973,270.76200685781305
4.79,wrist,-14.52874741692947,-7.25856731525395,-52.94030781420156,265.56936981169315
4.8,shoulder,-7.46069661494566,-14.312099735430365,33.260591126302394,23.12568723857612
4.8,elbow,-17.63355756877421,-26.90157826234957,28.07154306889456,268.25642116945863
4.8,wrist,-14.26584774442731,-7.75932414432663,-50.075682907267996,286.46249069335613
4.8100000000000005,shoulder,-7.094969910711729,-13.97723377776951,33.48659576608566,22.60046397832633
4.8100000000000005,elbow,-16.8625013355639,-26.594314221782586,30.726404056698616,265.4860987804056
4.8100000000000005,wrist,-13.94664728832376,-8.229458465899658,-47.01343215730282,306.22507499651755
4.82,shoulder,-6.728122828481421,-13.640160652924369,33.70731248451404,22.07167184283827
4.82,elbow,-16.074803849369925,-26.26080480384916,33.35094179334238,262.45377366437623
4.82,wrist,-13.572405786990283,-8.667114874589727,-43.76564086900687,324.77912882959515
4.83,shoulder,-6.360213297661647,-13.300933588645789,33.92270642785801,21.539394334396547
4.83,elbow,-15.271242472511126,-25.90137914207972,35.94256617694411,259.1624383601735
4.83,wrist,-13.14460020065797,-9.070566140497931,-40.34512659082037,342.05142781865044
4.84,shoulder,-5.9912994154322154,-12.95960615281664,34.1327435829148,21.003715505678827
4.84,elbow,-14.452610223051497,-25.51639194620844,38.49871958712775,255.61534101836395
4.84,wrist,-12.664918882530248,-9.438220025797081,-36.765388529914965,357.97380609054056
4.8500000000000005,shoulder,-5.6214394375717145,-12.616232244992844,34.337390782379586,20.464719946478624
4.8500000000000005,elbow,-13.619714992186399,-25.106223152117582,41.01687940908565,251.81598219578945
4.8500000000000005,wrist,-12.135254915624207,-9.768625568566984,-33.04055427699027,372.48342529246935
4.86,shoulder,-5.25069176925828,-12.270866087892013,34.53661571008305,19.922492770345855
4.86,elbow,-12.773378746952227,-24.671277546886635,43.494560523094584,247.76811140089353
4.86,wrist,-11.557698641636836,-10.06047880907826,-29.185324051127708,385.52302258625616
4.87,shoulder,-4.879114955846504,-11.923562218831067,34.73038690609461,19.37711960115604
4.87,elbow,-11.914436719043424,-24.211984369316344,45.92931775702916,243.47572339345766
4.87,wrist,-10.934529411321176,-10.312627935925676,-25.214912684741606,397.04113663861006
4.88,shoulder,-4.50676767362273,-11.574375481114163,34.91867377169037,18.828686559576624
4.88,elbow,-11.0437365805403,-23.72879688632183,48.318748299451286,238.94305424221272
4.88,wrist,-10.268206588930335,-10.524077831701542,-21.144989577586678,406.992310715493
4.89,shoulder,-4.133708720539158,-11.223361015372312,35.10144657418515,18.277280249477258
4.89,elbow,-10.162137607358858,-23.22219194561288,50.66049407089491,234.17457714436296
4.89,wrist,-9.561359846230395,-10.6939940002695,-16.991616856795893,415.3372720790785
4.9,shoulder,-3.7599970069291135,-10.870574250856036,35.27867645162762,17.72298774424678
4.9,elbow,-9.270509831248392,-22.69266950510282,52.95224405100622,229.17499801113036
4.9,wrist,-8.816778784387068,-10.821705860139526,-12.771185987002605,422.0430869793288
4.91,shoulder,-3.38569154620446,-10.516070896682455,35.45033541735804,17.16589657304212
4.91,elbow,-8.369733181176903,-22.14075213951041,55.19173655924102,223.9492508234805
4.91,wrist,-8.037401924684968,-10.90670939094671,-8.500353080718542,427.0832906284063
4.92,shoulder,-3.010851445536453,-10.159906933038178,35.6163963644278,16.606094706975796
4.92,elbow,-7.460696614945623,-21.5669845246417,57.376761486870976,218.50249276299508
4.92,wrist,-7.226305111525754,-10.94866912258938,-4.19597316426681,430.43799164517316
4.93,shoulder,-2.635535896522325,-9.802138602339378,35.77683306987992,16.04367054521174
4.93,elbow,-6.544297241896314,-20.971932899860764,59.505162478093695,212.84009912227157
4.93,wrist,-6.386689373476121,-10.947419459176315,0.12496634130648676,432.09395055732966
4.94,shoulder,-2.2598041658379815,-9.442822400350478,35.93162019889009,15.478712901016479
4.94,elbow,-5.621439437571729,-20.356184509279807,61.574839058095876,206.96765800021785
4.94,wrist,-5.521868290270156,-10.902965332558091,4.445412661822377,432.04463205158896
4.95,shoulder,-1.883715585879398,-9.082015067262805,36.080733308767314,14.911310987722516
4.95,elbow,-4.693033951206974,-19.720347022220125,63.58374870596807,200.89096478721945
4.95,wrist,-4.635254915624204,-10.815482182863311,8.748314969477907,430.29023076555296
4.96,shoulder,-1.5073295453931066,-8.719773578734667,36.224148852813805,14.3415544046494
4.96,elbow,-3.7599970069291277,-19.06504793351586,65.5299088704265,194.616016445843
4.96,wrist,-3.730348307472819,-10.685315266116573,13.016691674673837,426.8376705195929
4.97,shoulder,-1.1307054800980532,-8.356155136894234,36.36184418404335,13.769533122954158
4.97,elbow,-2.8232493995554884,-18.390933944252346,67.41139892635154,188.14900559250418
4.97,wrist,-2.810719718785924,-10.512978291670668,17.233697444590543,421.7005769916706
4.98,shoulder,-0.7539028633001115,-7.9912171613066585,36.49379755875753,13.1953374714181
4.98,elbow,-1.8837155858793062,-17.698670323550214,69.22636207021317,181.49631438616393
4.98,wrist,-1.8799985034645186,-10.299151394830458,21.382689684020974,414.8992239430433
4.99,shoulder,-0.3769811965005888,-7.625017279906865,36.619988139979355,12.619058122182537
4.99,elbow,-0.9423227723439187,-16.9889402520251,70.97300715251137,174.66450822981972
4.99,wrist,-0.9418577929397137,-10.044678452669556,25.447294216090214,406.46045320692394
5.0,shoulder,-7.34788079488412e-15,-7.257613319899428,36.74039600074375,12.040786076439474
5.0,elbow,-2.2043642384652355e-14,-16.26244414757085,72.64961044542505,167.66032929136816
5.0,wrist,-1.8369701987210297e-14,-9.750563753633042,29.41146990365141,396.41756875611964
5.01,shoulder,0.37698119650057405,-6.8890632986269855,36.85500212724425,11.460612650050052
5.01,elbow,0.9423227723438747,-15.519898974131621,74.25451734392288,160.49068984978283
5.01,wrist,0.9418577929396769,-9.417968034069789,33.25957195632536,384.81020526739496
5.0200000000000005,shoulder,0.7539028633001233,-6.51942541440863,36.96378842183555,10.878629459130366
5.0200000000000005,elbow,1.883715585879475,-14.762037534145033,75.7861439986588,153.16266547359123
5.0200000000000005,wrist,1.8799985034645876,-9.04820389733638,36.9764136733408,371.6841717015444
5.03,shoulder,1.1307054800980383,-6.148758037349716,37.06673770589138,10.294928405582311
5.03,elbow,2.823249399555445,-13.989607745354633,77.24297887904002,145.68348803812296
5.03,wrist,2.810719718785888,-8.64273063355134,40.54732637850409,357.0912705163287
5.04,shoulder,1.5073295453930922,-5.777119700124544,37.16383372251719,9.709601662581292
5.04,elbow,3.7599970069290842,-13.203371902705378,78.62358426492546,138.0605385885426
5.04,wrist,3.730348307472783,-8.203148460443712,43.958217310762734,341.0890932258643
5.05,shoulder,1.8837155858793833,-5.40456908873337,37.25506113911739,9.122741660019585
5.05,elbow,4.69303395120693,-12.40410592605056,79.92659766548178,130.30134005563286
5.05,wrist,4.635254915624168,-7.731192208024762,47.195625241895,323.7407931132266
5.0600000000000005,shoulder,2.2598041658379935,-5.0311650332352045,37.340405549816545,8.534441069915488
5.0600000000000005,elbow,5.621439437571791,-11.592598594412586,81.15073316379737,122.41354983155952
5.0600000000000005,wrist,5.521868290270172,-7.228724472006484,50.24677360182775,305.1148359932747
5.07,shoulder,2.63553589652231,-4.656966498457862,37.41985347773423,7.9447927917681795
5.07,elbow,6.54429724189627,-10.769650767553316,82.294782685927,114.40495221296305
5.07,wrist,6.386689373476087,-6.697728262987271,53.09962090192137,285.28473000936185
5.08,shoulder,3.010851445536438,-4.28203257468673,37.49339237711321,7.353889937898202
5.08,elbow,7.46069661494558,-9.936074595622165,83.3576171931151,106.2834507188096
5.08,wrist,7.226305111525722,-6.1402991804150275,55.74290825722434,264.32873553029754
5.09,shoulder,3.3856915462044452,-3.906422468333724,37.561010635300626,6.761825818741386
5.09,elbow,8.369733181176862,-9.092692717661958,84.3381877960207,98.05706029056046
5.09,wrist,8.037401924684938,-5.558637142213543,58.16620382014842,242.3295562924077
5.1000000000000005,shoulder,3.7599970069291517,-3.5301954925879064,37.62269757458173,6.168693928110031
5.1000000000000005,elbow,9.270509831248452,-8.240337449763514,85.23552678984447,89.73389938237597
5.1000000000000005,wrist,8.816778784387125,-4.955037702711492,60.359943950205206,219.37401300567888
5.11,shoulder,4.133708720539143,-3.1534110580492465,37.67844345386601,5.574587928428173
5.11,elbow,10.162137607358716,-7.379849963670149,86.04874860933647,81.32218194920029
5.11,wrist,9.561359846230328,-4.331882993138233,62.31547095732583,195.55270071206223
5.12,shoulder,4.506767673622716,-2.7761286633469915,37.72823947022551,4.9796016359504165
5.12,elbow,11.043736580540358,-6.512079456642725,86.7770507027424,72.830209340593
5.12,wrist,10.268206588930347,-3.6916323204401476,64.02506726980856,170.95963124827313
5.13,shoulder,4.8791149558464895,-2.3984078857441427,37.772077760284866,4.383829005935183
5.13,elbow,11.914436719043383,-5.637882313404475,87.41971432382498,64.26636210825768
5.13,wrist,10.93452941132115,-3.0368124615196654,65.48198589204823,145.69186222396684
5.14,shoulder,5.250691769258265,-2.020308371729512,37.80995140146304,3.78736411781739
5.14,elbow,12.773378746952092,-4.7581212609926755,87.97610524117992,55.639091735494276
5.14,wrist,11.55769864163678,-2.3700076912012085,66.68047703184567,119.84911397974406
5.15,shoulder,5.621439437571752,-1.6418898275988472,37.8418544130665,3.1903011603462232
5.15,elbow,13.619714992186454,-3.873664517351217,88.44567436414582,46.956912296588825
5.15,wrist,12.135254915624246,-1.6938495832791012,67.61581079221072,93.53337603650562
5.16,shoulder,5.9912994154322,-1.2632120100265112,37.8677817572336,2.5927344167099022
5.16,elbow,14.452610223051456,-2.9853849345043177,88.82795828468993,38.22839205441073
5.16,wrist,12.664918882530229,-1.0110066248980565,68.28429583810447,66.8485045893749
5.17,shoulder,6.360213297661633,-0.8843347166292095,37.88772933973017,1.994758249656968
5.17,elbow,15.271242472511087,-2.094159137156954,89.12257973473638,29.46214500464521
5.17,wrist,13.144600200657926,-0.32417368525353096,68.68329396445255,39.899812634807176
5.18,shoulder,6.728122828481406,-0.5053177765232495,37.901694010596,1.3964670865832431
5.18,elbow,16.07480384936989,-1.200866657572113,89.32924795848412,20.666822374774256
5.18,wrist,13.572405786990288,0.363938619825821,68.81123050793519,12.793654348264681
5.19,shoulder,7.0949699107117405,-0.12622104087682628,37.90967356464232,0.7979554046315798
5.19,elbow,16.862501335563948,-0.3063890675786364,89.44775899934766,11.851104086354326
5.19,wrist,13.946647288323785,1.0506146254404602,68.66760056146393,-14.362994647126015
5.2,shoulder,7.460696614945646,0.2528956265411729,37.91166674179992,0.19931771576034407
5.2,elbow,17.633557568774172,0.5883908914337398,89.47799590123762,3.023690188996625
5.2,wrist,14.265847744427298,1.7331443351086522,68.25297096681918,-41.462959464475716
5.21,shoulder,7.825245188696888,0.6319723588143551,37.90767322731821,-0.39935144817076207
5.21,elbow,18.387211609589315,1.482590179673564,89.41992882398245,-5.806707725517072
5.21,wrist,14.528747416929475,2.4088341158845,67.56897807758476,-68.39928892344108
5.22,shoulder,8.18855806551974,1.0109492953325043,37.89769365181491,-0.9979575503303408
5.22,elbow,19.122719692460667,2.3753263304013323,89.2736150727768,-14.631375120563234
5.22,wrist,14.734308760930324,3.0750173288965783,66.61832130120786,-95.06567763769033
5.23,shoulder,8.550577874099297,1.3897665912442687,37.88172959117644,-1.5964060638476099
5.23,elbow,19.839355959709568,3.2657183208176175,89.03919904162854,-23.441603114827558
5.23,wrist,14.88172051971717,3.729064853353289,65.40475244567108,-121.35688555367835
5.24,shoulder,8.911247447311037,1.768364426907359,37.859783566309034,-2.1946024867407345
5.24,elbow,20.536413177860627,4.1528874415262065,88.71691207085892,-32.22869707696168
5.24,wrist,14.97040092642407,4.368395462481493,63.93306091282033,-147.1691532850748
5.25,shoulder,9.270509831248415,2.1466830173347664,37.83185904274073,-2.79245235683004
5.25,elbow,21.213203435596427,5.035958163714186,88.30707221879798,-40.98398520609385
5.25,wrist,15.0,4.990486010449332,62.20905479678388,-172.40061160364473
5.26,shoulder,9.628308294216282,2.5246626216355073,37.79796043007408,-3.389861266665207
5.26,elbow,21.869058822642305,5.914059003193177,87.8100839478991,-49.69882708988871
5.26,wrist,14.970400926424077,5.592881390070114,60.23953796207826,-196.95168347056244
5.2700000000000005,shoulder,9.984586335689599,2.902243552448405,37.758093081289786,-3.9867348784289334
5.2700000000000005,elbow,22.50333208891378,6.786323380449013,87.22643772558357,-58.364622231553085
5.2700000000000005,wrist,14.881720519717168,6.173204221988748,58.032283191863385,-220.72547702148768
5.28,shoulder,10.339287695235514,3.2793661853674196,37.71226329190144,-4.582978938833946
5.28,elbow,23.115397283273705,7.651890475851096,86.55670954020835,-66.97281853752133
5.28,wrist,14.734308760930322,6.729164237111934,55.5960015123185,-243.62816795448816
5.29,shoulder,10.692356361397525,3.6559709683570336,37.66047829896137,-5.178499294007338
5.29,elbow,23.7046503712707,8.509906079177448,85.8015603326351,-75.51492075732415
5.29,wrist,14.528747416929471,7.258567315253949,52.940307814201574,-265.56936981169304
5.3,shoulder,11.04373658054032,4.031998431156211,37.602746279917774,-5.773201904359496
5.3,elbow,24.270509831248376,9.359523432617062,84.96173534396145,-83.9824988673655
5.3,wrist,14.265847744427326,7.75932414432663,50.075682907268025,-286.4624906933551
5.3100000000000005,shoulder,11.393372865654044,4.407389194669446,37.53907635132349,-6.366992859428876
5.3100000000000005,elbow,24.81241722823684,10.199904066417641,84.03806338005795,-92.36719639035084
5.3100000000000005,wrist,13.94664728832378,8.22945846589966,47.01343215730286,-306.22507499651647
5.32,shoulder,11.741210005116086,4.782083980343408,37.469478567396266,-6.959778392722285
5.32,elbow,25.32983776506046,11.030218626354008,83.03145599363668,-100.66073864212615
5.32,wrist,13.572405786990284,8.667114874589728,43.7656408690069,-324.7791288295957
5.33,shoulder,12.087193071409873,5.15602361952772,37.39396391843115,-7.551464896511561
5.33,elbow,25.82226081011829,11.849647692200596,81.94290658465886,-108.85494089778331
5.33,wrist,13.14460020065797,9.070566140497933,40.34512659082039,-342.05142781865106
5.34,shoulder,12.431267429798519,5.5291490628183695,37.31254432906498,-8.141958936617243
5.34,elbow,26.28920040131591,12.657382586400287,80.77348941996898,-116.94171646898747
5.34,wrist,12.66491888253022,9.438220025797083,36.76538852991496,-357.97380609054335
5.3500000000000005,shoulder,12.7733787469522,5.901401389382302,37.22523265639331,-8.731167267166597
5.3500000000000005,elbow,26.73019572565106,13.452626172131518,79.52435857312317,-124.91308468458124
5.3500000000000005,wrist,12.135254915624175,9.768625568566986,33.040554276990235,-372.4834252924719
5.36,shoulder,13.113472999527987,6.272721816261703,37.13204268794012,-9.318996845319077
5.36,elbow,27.144811573980583,14.234593639986096,78.19674678545782,-132.76117876653416
5.36,wrist,11.557698641636836,10.060478809078262,29.18532405112768,-385.5230225862557
5.37,shoulder,13.451496482700971,6.643051707656509,37.03298913948062,-9.905354845950228
5.37,elbow,27.532638770519412,15.002513282481326,76.79196424952288,-140.47825359349486
5.37,wrist,10.934529411321211,10.312627935925677,25.21491268474161,-397.04113663860693
5.38,shoulder,13.787395818644617,7.012332584183683,36.928087652717416,-10.490148676320644
5.38,elbow,27.893294576647538,15.755627255642125,75.31139731607986,-148.05669334430172
5.38,wrist,10.268206588930337,10.524077831701543,21.144989577586678,-406.992310715493
5.39,shoulder,14.121117964959963,7.380506132111789,36.817354792810534,-11.073285990688134
5.39,elbow,28.22642306862674,16.493192326901536,73.75650712594104,-155.48901901388138
5.39,wrist,9.561359846230397,10.693994000269502,16.991616856795893,-415.3372720790785
5.4,shoulder,14.452610223051469,7.7475142125694045,36.70080804576156,-11.654674704897047
5.4,elbow,28.5316954888546,17.214480608581535,72.12882816799996,-162.76789579410877
5.4,wrist,8.816778784387115,10.821705860139527,12.77118598700264,-422.04308697932527
5.41,shoulder,14.781820246448738,8.113298870725929,36.57846581565237,-12.234223010919152
5.41,elbow,28.8088105703083,17.918780276230297,70.42996676487601,-169.88614031239365
5.41,wrist,8.037401924684925,10.906709390946713,8.500353080718536,-427.0832906284104
5.42,shoulder,15.10869604907282,8.477802344943319,36.45034742173894,-12.811839391343312
5.42,elbow,29.057494833858925,18.60539627110698,68.66159948766807,-176.83672772079444
5.42,wrist,7.226305111525756,10.948669122589381,4.195973164266805,-430.4379916451731
5.43,shoulder,15.433186013445166,8.840967075897325,36.31647309540056,-13.387432633837648
5.43,elbow,29.277502858162403,19.273650986120792,66.82547150138116,-183.6127986286914
5.43,wrist,6.3866893734761705,10.947419459176317,-0.12496634130645212,-432.0939505573257
5.44,shoulder,15.755238898838872,9.202735715666776,36.176863976945135,-13.960911845542626
5.44,elbow,29.468617521860672,19.922884934547387,64.92339484265935,-190.207665872181
5.44,wrist,5.521868290270109,10.902965332558093,-4.4454126618223855,-432.04463205159334
5.45,shoulder,16.0748038493699,9.563051136789484,36.03154211227078,-14.532186467436134
5.45,elbow,29.630650217854132,20.55245740086263,62.95724663152427,-196.61482111350745
5.45,wrist,4.6352549156242056,10.815482182863313,-8.748314969477914,-430.29023076555285
5.46,shoulder,16.391830402028052,9.92185644128333,35.880530449384544,-15.101166288623517
5.46,elbow,29.76344103943433,21.161747073051473,60.92896721888438,-202.82794126398915
5.46,wrist,3.7303483074728723,10.685315266116575,-13.016691674673801,-426.8376705195887
5.47,shoulder,16.706268494645624,10.279094969631117,35.7238528347787,-15.667761460584586
5.47,elbow,29.8668589380924,21.750152655767902,58.84055827164281,-208.8408947241569
5.47,wrist,2.8107197187858737,10.51297829167067,-17.233697444590554,-421.70057699167523
5.48,shoulder,17.018068473802707,10.634710309727767,35.56153400966504,-16.231882511365995
5.48,elbow,29.94080185284815,22.31709346374084,56.69408079729382,-214.64774743489892
5.48,wrist,1.8799985034645201,10.29915139483046,-21.382689684020985,-414.8992239430431
5.49,shoulder,17.327181102668018,10.988646305788446,35.39359960606794,-16.793440359710303
5.49,elbow,29.985196810971946,22.862009994840413,54.49165310995723,-220.2427687336595
5.49,wrist,0.9418577929397154,10.044678452669558,-25.447294216090224,-406.4604532069239
5.5,shoulder,17.633557568774187,11.340847067216215,35.2200761427768,-17.352346329113857
5.5,elbow,30.0,23.384364482238993,52.235448739858114,-225.6204370099116
5.5,wrist,7.349737736793884e-14,9.750563753633044,-29.411469903651376,-396.41756875611526
5.51,shoulder,17.937149491725563,11.691256977427798,35.04099102115839,-17.908512161840463
5.51,elbow,29.98519681097195,23.883641425122143,49.92769428831491,-230.7754451543201
5.51,wrist,-0.9418577929396752,9.41796803406979,-33.25957195632533,-384.8102052673955
5.5200000000000005,shoulder,18.237908930838163,12.039820702636097,34.856372520829865,-18.461850032852567
5.5200000000000005,elbow,29.940801852848146,24.35934809742567,47.570667230352726,-235.7027057962187
5.5200000000000005,wrist,-1.8799985034645859,9.048203897336382,-36.97641367334078,-371.68417170154487
5.53,shoulder,18.53578839271003,12.386483200588028,34.666249795193046,-19.012272563681563
5.53,elbow,29.866858938092403,24.811015034096773,45.16669366711044,-240.39735632422867
5.53,wrist,-2.8107197187858337,8.642730633551341,-40.547326378504025,-357.0912705163247
5.54,shoulder,18.830740838721017,12.731189729256336,34.4706528668308,-19.559692836224826
5.54,elbow,29.763441039434333,25.23819649439937,42.718146030259724,-244.85476368507153
5.54,wrist,-3.730348307472833,8.203148460443714,-43.95821731076272,-341.08909322586965
5.55,shoulder,19.122719692460677,13.073885855483997,34.26961262276607,-20.104024406472718
5.55,elbow,29.63065021785414,25.640470901806385,40.22744074070142,-249.07052895583058
5.55,wrist,-4.6352549156241665,7.731192208024764,-47.19562524189499,-323.7407931132268
5.5600000000000005,shoulder,19.411678847083337,13.414517463579843,34.06316080958452,-20.645181318154954
5.5600000000000005,elbow,29.46861752186066,26.017441260044883,37.697035823849816,-253.04049168516045
5.5600000000000005,wrist,-5.52186829027017,7.228724472006486,-50.246773601827734,-305.11483599327494
5.57,shoulder,19.697572672588706,13.753030763864055,33.8513300284213,-21.18307811632161
5.57,elbow,29.277502858162414,26.368735544883467,35.129428483858355,-256.76073399914594
5.57,wrist,-6.386689373476134,6.6977282629872725,-53.09962090192139,-285.28473000936594
5.58,shoulder,19.980356023027543,14.089372301162186,33.634153729812994,-21.717629860830925
5.58,elbow,29.057494833858936,26.694007071275273,32.527152639180635,-260.2275844677721
5.58,wrist,-7.226305111525721,6.140299180415029,-55.742908257224364,-264.3287355302972
5.59,shoulder,20.25998424363073,14.42348896324634,33.41166620841537,-22.248752139762217
5.59,elbow,28.80881057030831,26.99293483549426,29.89277642189878,-263.4376217281854
5.59,wrist,-8.037401924684891,5.558637142213545,-58.166203820148404,-242.3295562924037
5.6000000000000005,shoulder,20.536413177860677,14.755327989222218,33.183902597587874,-22.776361082749474
5.6000000000000005,elbow,28.531695488854616,27.26522383192713,27.22889964328714,-266.387677861164
5.6000000000000005,wrist,-8.81677878438708,4.955037702711493,-60.359943950205164,-219.3740130056757
5.61,shoulder,20.809599174384147,15.084836977860675,32.950898863845616,-23.300373374225842
5.61,elbow,28.226423068626758,27.510605344208255,24.538151228112458,-269.07484151746803
5.61,wrist,-9.561359846230367,4.331882993138235,-62.31547095732582,-195.5527007120661
5.62,shoulder,21.07949909396548,15.411963895872475,32.712691801179886,-23.8207062665727
5.62,elbow,27.893294576647556,27.72883721041028,21.82318662020254,-271.4964607909915
5.62,wrist,-10.268206588930308,3.6916323204401498,-64.02506726980853,-170.95963124827028
5.63,shoulder,21.346070316278546,15.736657086124954,32.46931902524793,-24.337277593196262
5.63,elbow,27.532638770519426,27.919704062028718,19.086685161843725,-273.65014583588174
5.63,wrist,-10.934529411321185,3.036812461519667,-65.48198589204823,-145.69186222397025
5.64,shoulder,21.609270746637193,16.058865275799285,32.22081896743299,-24.85000578149382
5.64,elbow,27.144811573980604,28.083017536524654,16.33134744959361,-275.5337712250115
5.64,wrist,-11.557698641636811,2.3700076912012102,-66.6804770318457,-119.84911397974656
5.65,shoulder,21.869058822642355,16.37853758448704,31.96723086877558,-25.358809865741108
5.65,elbow,26.730195725651033,28.218616463215835,13.559892669118206,-277.1454780475406
5.65,wrist,-12.135254915624214,1.693849583279103,-67.61581079221072,-93.53337603650289
5.66,shoulder,22.125393520745213,16.69562353222481,31.708594773776802,-25.863609499877782
5.66,elbow,26.289200401315934,28.326367022332676,10.775055911684081,-278.4836757434125
5.66,wrist,-12.664918882530198,1.0110066248980583,-68.28429583810446,-66.84850458937262
5.67,shoulder,22.37823436272546,17.01007304746556,31.444951524074916,-26.36432497018842
5.67,elbow,25.822260810118312,28.40616287708221,7.979585474953373,-279.5470436730708
5.67,wrist,-13.144600200657951,0.32417368525353274,-68.68329396445255,-39.89981263480945
5.68,shoulder,22.62754142208309,17.32183647498552,31.176342751995936,-26.860877207898113
5.68,elbow,25.32983776506049,28.45792527858967,5.176240150745936,-280.3345324207437
5.68,wrist,-13.572405786990265,-0.3639386198258191,-68.81123050793518,-12.79365434826309
5.69,shoulder,22.873275330343436,17.630864583725316,30.902810873979426,-27.353187801650876
5.69,elbow,24.812417228236864,28.481603143614116,2.3677865024447398,-280.8453648301196
5.69,wrist,-13.946647288323765,-1.0506146254404582,-68.66760056146391,14.362994647127152
5.7,shoulder,23.115397283273676,17.93710857456412,30.624399083880416,-27.841179009900998
5.7,elbow,24.270509831248408,28.477173104961434,-0.44300386526805413,-281.0790367712794
5.7,wrist,-14.265847744427314,-1.73314433510865,-68.25297096681918,41.462959464474125
5.71,shoulder,23.35386904701069,18.240520088025608,30.34115134614861,-28.324773773180567
5.71,elbow,23.70465037127073,28.44463953454493,-3.2533570416503097,-281.03531763822554
5.71,wrist,-14.528747416929459,-2.4088341158844977,-67.56897807758476,68.3992889234421
5.72,shoulder,23.588652964098554,18.541051211914468,30.0531123888859,-28.803895726271065
5.72,elbow,23.115397283273733,28.38403453907078,-6.060499547414991,-280.7142505764681
5.72,wrist,-14.734308760930315,-3.0750173288965765,-66.61832130120786,95.06567763769078
5.73,shoulder,23.819711959435068,18.8386544888823,29.760327696783268,-29.278469210263182
5.73,elbow,22.50333208891374,28.295417928352585,-8.861661071819416,-280.1161524404424
5.73,wrist,-14.881720519717177,-3.7290648533532873,-65.40475244567108,121.35688555367767
5.74,shoulder,24.04700954612629,19.133282923921684,29.462843503938203,-29.74841928450661
5.74,elbow,21.86905882264234,28.178877156286312,-11.654077206627232,-279.2416134807816
5.74,wrist,-14.970400926424073,-4.368395462481491,-63.93306091282034,147.16915328507446
5.75,shoulder,24.270509831248418,19.42488999178722,29.160706786553842,-30.213671738436233
5.75,elbow,21.213203435596462,28.03452723454385,-14.434992174245874,-278.0914967618642
5.75,wrist,-15.0,-4.99048601044933,-62.20905479678389,172.40061160364462
5.76,shoulder,24.490177521515516,19.71342964434243,28.85396525552085,-30.67415310329895
5.76,elbow,20.536413177860663,27.862510619070388,-17.201661547346283,-276.66693731004085
5.76,wrist,-14.970400926424073,-5.592881390070112,-60.23953796207826,196.95168347056278
5.7700000000000005,shoulder,24.70597792885282,19.99885631783126,28.542667348883338,-31.12979066375115
5.7700000000000005,elbow,19.839355959709522,27.662997069497575,-19.95135495728125,-274.96934099349653
5.7700000000000005,wrist,-14.881720519717161,-6.173204221988746,-58.03228319186338,220.72547702148836
5.78,shoulder,24.91787697587438,20.281124940073163,28.22686222418992,-31.58051246934204
5.78,elbow,19.122719692460702,27.436183481611277,-22.681358788629623,-273.0003831348373
5.78,wrist,-14.734308760930332,-6.729164237111931,-55.59600151231851,243.62816795448714
5.79,shoulder,25.125841201264254,20.560190937580476,27.90659975073116,-32.026247345875674
5.79,elbow,18.38721160958935,27.182293693039206,-25.388978857207224,-270.7620068577601
5.79,wrist,-14.528747416929484,-7.258567315253947,-52.94030781420159,265.5693698116919
5.8,shoulder,25.329837765060443,20.836010242597123,27.581930501664655,-32.466924906650604
5.8,elbow,17.633557568774215,26.901578262350192,-28.071543068901352,-268.25642116941276
5.8,wrist,-14.26584774442731,-7.7593241443266265,-50.075682907268025,286.46249069335636
5.8100000000000005,shoulder,25.529834453840763,21.108539300057412,27.25290574602894,-32.90247556357161
5.8100000000000005,elbow,16.8625013355639,26.594314221783144,-30.726404056704965,-265.4860987803614
5.8100000000000005,wrist,-13.946647288323762,-8.229458465899656,-47.01343215730285,306.2250749965176
5.82,shoulder,25.725799685809577,21.37773507446389,26.91957744064749,-33.33283053814495
5.82,elbow,16.07480384936993,26.26080480384966,-33.3509417933483,-262.45377366433337
5.82,wrist,-13.572405786990307,-8.667114874589725,-43.765640869006916,324.7791288295935
5.83,shoulder,25.917702515785056,21.64355505668313,26.58199822192416,-33.75792187233324
5.83,elbow,15.27124247251113,25.901379142080163,-35.94256617694962,-259.16243836013217
5.83,wrist,-13.144600200657948,-9.07056614049793,-40.345126590820385,342.0514278186528
5.84,shoulder,26.105512640085767,21.905957270658444,26.240221397531283,-34.17768243928782
5.84,elbow,14.452610223051499,25.516391946208834,-38.49871958713286,-255.61534101832444
5.84,wrist,-12.66491888253025,-9.43822002579708,-36.76538852991498,357.9738060905405
5.8500000000000005,shoulder,26.289200401315917,22.164900280038363,25.89430093799177,-34.592045953951356
5.8500000000000005,elbow,13.619714992186402,25.10622315211793,-41.01687940909038,-251.81598219575153
5.8500000000000005,wrist,-12.135254915624209,-9.768625568566982,-33.040554276990285,372.4834252924693
5.86,shoulder,26.4687367930486,22.42034319471993,25.544291468156523,-35.00094698352473
5.86,elbow,12.773378746952135,24.67127754688694,-43.49456052309901,-247.76811140086323
5.86,wrist,-11.557698641636806,-10.060478809078258,-29.185324051127697,385.52302258625866
5.87,shoulder,26.64409346440634,22.672245677305714,25.190248258578563,-35.40432095779582
5.87,elbow,11.914436719043428,24.21198436931661,-45.92931775703324,-243.47572339342264
5.87,wrist,-10.934529411321176,-10.312627935925674,-25.2149126847416,397.04113663860977
5.88,shoulder,26.815242724537903,22.920567949473565,24.832227216785153,-35.802104179340944
5.88,elbow,11.043736580540402,23.728796886322062,-48.318748299454974,-238.94305424217362
5.88,wrist,-10.268206588930378,-10.524077831701542,-21.144989577586706,406.9923107154893
5.89,shoulder,26.98215754699112,23.16527079825806,24.470284878449363,-36.19423383357895
5.89,elbow,10.162137607358762,23.22219194561308,-50.66049407089836,-234.1745771443383
5.89,wrist,-9.561359846230358,-10.6939940002695,-16.991616856795886,415.33727207908197
5.9,shoulder,27.14481157398059,23.406315582242684,24.104478398462426,-36.580647998693706
5.9,elbow,9.270509831248397,22.692669505102987,-52.952244051009366,-229.17499801110068
5.9,wrist,-8.81677878438707,-10.821705860139526,-12.7711859870026,422.04308697932856
5.91,shoulder,27.303179120549867,23.643664237661767,23.734865541908306,-36.96128565541207
5.91,elbow,8.369733181176906,22.14075213951055,-55.19173655924389,-223.94925082345242
5.91,wrist,-8.037401924684971,-10.90670939094671,-8.50035308071854,427.08329062840596
5.92,shoulder,27.457235178627524,23.877279284411188,23.361504674941944,-37.33608669663616
5.92,elbow,7.460696614945627,21.566984524641814,-57.376761486873576,-218.5024927629687
5.92,wrist,-7.22630511152571,-10.94866912258938,-4.195973164266773,430.4379916451767
5.93,shoulder,27.6069554209761,24.107123831966913,22.984454755572553,-37.70499193693908
5.93,elbow,6.544297241896317,20.971932899860853,-59.50516247809605,-212.840099122247
5.93,wrist,-6.386689373476124,-10.947419459176315,0.1249663413065143,432.09395055732875
5.94,shoulder,27.75231620503374,24.333161585210448,22.60377532435348,-38.06794312190735
5.94,elbow,5.621439437571732,20.356184509279874,-61.57483905809799,-206.96765800019477
5.94,wrist,-5.5218682902701595,-10.902965332558091,4.445412661822396,432.04463205158817
5.95,shoulder,27.893294576647545,24.555356850160248,22.21952649498004,-38.424882937343966
5.95,elbow,4.693033951206978,19.720347022220174,-63.583748705969974,-200.89096478719796
5.95,wrist,-4.635254915624258,-10.815482182863313,8.74831496947788,430.29023076554836
5.96,shoulder,28.029868273698355,24.773674539608216,21.83176894479688,-38.77575501831603
5.96,elbow,3.7599970069291317,19.065047933515892,-65.5299088704282,-194.61601644582288
5.96,wrist,-3.7303483074728225,-10.685315266116575,13.016691674673812,426.8376705195932
5.97,shoulder,28.162015729616215,24.98808017866038,21.44056390521633,-39.12050395805508
5.97,elbow,2.8232493995554924,18.39093394425236,-67.41139892635306,-188.14900559248542
5.97,wrist,-2.810719718785928,-10.51297829167067,17.23369744459052,421.70057699167086
5.98,shoulder,28.28971607678594,25.198539910180873,21.045973152049246,-39.45907531670821
5.98,elbow,1.8837155858794161,17.698670323550214,-69.22636207021446,-181.49631438614006
5.98,wrist,-1.8799985034645748,-10.299151394830462,21.38268968402091,414.89922394303926
5.99,shoulder,28.412949149842323,25.40502050013837,20.648058995749885,-39.79141562993598
5.99,elbow,0.9423227723438159,16.98894025202509,-70.97300715251257,-174.6645082298104
5.99,wrist,-0.9418577929396642,-10.04467845266956,25.447294216090203,406.4604532069292
6.0,shoulder,28.531695488854606,25.607489342854134,20.246884271576388,-40.11747241734966
6.0,elbow,2.5717582782094416e-14,16.26244414757083,-72.64961044542609,-167.66032929135304
6.0,wrist,-2.2043642384652355e-14,-9.750563753633045,29.4114699036514,396.4175687561198
6.01,shoulder,28.64593634239929,25.805914466150817,19.842512329668338,-40.43719419080492
6.01,elbow,-0.9423227723437645,15.519898974131591,-74.25451734392372,-160.49068984976248
6.01,wrist,0.94185779293962,-9.417968034069792,33.25957195632531,384.81020526739087
6.0200000000000005,shoulder,28.755653670521276,26.000264536401247,19.435007025043056,-40.75053046252833
6.0200000000000005,elbow,-1.8837155858794712,14.762037534144996,-75.78614399865951,-153.16266547357895
6.0200000000000005,wrist,1.8799985034646367,-9.048203897336384,36.9764136733408,371.6841717015493
6.03,shoulder,28.86083014758258,26.190508863476367,19.024432707512144,-41.05743175309115
6.03,elbow,-2.823249399555441,13.98960774535459,-77.24297887904063,-145.68348803811205
6.03,wrist,2.8107197187858843,-8.642730633551343,40.54732637850409,357.0912705163287
6.04,shoulder,28.961449164998218,26.376617405591567,18.610854211519914,-41.35784959922313
6.04,elbow,-3.7599970069290802,13.20337190270533,-78.62358426492597,-138.0605385885325
6.04,wrist,3.73034830747278,-8.203148460443716,43.958217310762734,341.0890932258643
6.05,shoulder,29.05749483385893,26.55856077405062,18.194336845905266,-41.651736561464844
6.05,elbow,-4.693033951206927,12.404105926050509,-79.9265976654822,-130.30134005562377
6.05,wrist,4.635254915624216,-7.7311922080247655,47.195625241895044,323.7407931132309
6.0600000000000005,shoulder,29.14895198744022,26.736310237886507,17.774946383588684,-41.93904623165807
6.0600000000000005,elbow,-5.621439437571786,11.592598594412532,-81.15073316379772,-122.41354983155122
6.0600000000000005,wrist,5.521868290270218,-7.228724472006487,50.246773601827826,305.1148359932779
6.07,shoulder,29.23580618359732,26.909837728398365,17.352749051185913,-42.21973324027698
6.07,elbow,-6.544297241896267,10.769650767553259,-82.29478268592727,-114.40495221295532
6.07,wrist,6.386689373476084,-6.6977282629872725,53.09962090192143,285.2847300093606
6.08,shoulder,29.318043707045803,27.079115843583864,16.927811518550016,-42.49375326358981
6.08,elbow,-7.460696614945578,9.936074595622106,-83.3576171931153,-106.28345071880267
6.08,wrist,7.226305111525672,-6.140299180415029,55.74290825722436,264.32873553029265
6.09,shoulder,29.395651571527406,27.2441178524663,16.50020088824343,-42.76106303065845
6.09,elbow,-8.369733181176858,9.092692717661897,-84.33818779602085,-98.05706029055409
6.09,wrist,8.037401924684936,-5.558637142213545,58.16620382014843,242.32955629240746
6.1000000000000005,shoulder,29.468617521860665,27.404817699315718,16.0699846849417,-43.02162033017282
6.1000000000000005,elbow,-9.270509831248448,8.240337449763452,-85.23552678984456,-89.73389938237051
6.1000000000000005,wrist,8.816778784387122,-4.9550377027114925,60.35994395020521,219.37401300567842
6.11,shoulder,29.53693003587616,27.56119000776342,15.637230844770542,-43.2753840171159
6.11,elbow,-10.16213760735871,7.379849963670087,-86.0487486093365,-81.32218194919494
6.11,wrist,9.561359846230324,-4.331882993138234,62.315470957325836,195.55270071206212
6.12,shoulder,29.60057832623604,27.7132100848092,15.202007704577946,-43.522314019259625
6.12,elbow,-11.043736580540354,6.512079456642663,-86.77705070274239,-72.83020934058845
6.12,wrist,10.268206588930344,-3.6916323204401484,64.02506726980856,170.95963124827279
6.13,shoulder,29.659552342137417,27.860853924720633,14.764383991142996,-43.76237134349496
6.13,elbow,-11.91443671904338,5.637882313404414,-87.41971432382492,-64.26636210825382
6.13,wrist,10.934529411321147,-3.0368124615196663,65.48198589204823,145.69186222396684
6.140000000000001,shoulder,29.71384277089954,28.004098212823862,14.324428810323118,-43.99551808198771
6.140000000000001,elbow,-12.773378746952185,4.758121260992615,-87.9761052411799,-55.63909173549678
6.140000000000001,wrist,11.557698641636843,-2.370007691201209,66.68047703184573,119.84911397974906
6.15,shoulder,29.763441039434337,28.142920329185277,13.882211636141458,-44.221717418165966
6.15,elbow,-13.619714992186452,3.8736645173511577,-88.44567436414575,-46.956912296585415
6.15,wrist,12.135254915624245,-1.6938495832791012,67.61581079221077,93.5333760365047
6.16,shoulder,29.80833931560025,28.277298352183436,13.43780229981613,-44.44093363253272
6.16,elbow,-14.452610223051453,2.9853849345042596,-88.82795828468983,-38.22839205440778
6.16,wrist,12.664918882530227,-1.011006624898056,68.28429583810451,66.84850458937399
6.17,shoulder,29.848530509439005,28.407211061970767,12.991270978733068,-44.653132108306295
6.17,elbow,-15.271242472511084,2.094159137156897,-89.12257973473625,-29.462145004642707
6.17,wrist,13.144600200657926,-0.3241736852535303,68.68329396445257,39.89981263480627
6.18,shoulder,29.884008274295173,28.532637943824408,12.542688185364185,-44.85827933688829
6.18,elbow,-16.074803849369886,1.200866657572057,-89.32924795848398,-20.666822374771982
6.18,wrist,13.572405786990288,0.3639386198258219,68.81123050793522,12.793654348264226
6.19,shoulder,29.91476700781842,28.653559191385735,12.092124756132653,-45.05634292315304
6.19,elbow,-16.862501335563945,0.306389067578582,-89.4477589993475,-11.85110408635228
6.19,wrist,13.946647288323783,1.0506146254404616,68.66760056146396,-14.362994647126698
6.2,shoulder,29.940801852848146,28.769955709788004,11.639651840227005,-45.247291590564785
6.2,elbow,-17.633557568774172,-0.5883908914337925,-89.47799590123745,-3.0236901889952605
6.2,wrist,14.265847744427296,1.7331443351086535,68.25297096681919,-41.462959464476626
6.21,shoulder,29.962108698180526,28.88180911867166,11.185340888365854,-45.43109518611517
6.21,elbow,-18.38721160958931,-1.4825901796736152,-89.41992882398226,5.8067077255182085
6.21,wrist,14.528747416929473,2.4088341158845012,67.56897807758477,-68.39928892344142
6.22,shoulder,29.978684179217677,28.98910175508681,10.729263641514992,-45.607724685086225
6.22,elbow,-19.122719692460663,-2.375326330401381,-89.27361507277662,14.631375120564144
6.22,wrist,14.734308760930324,3.07501732889658,66.61832130120787,-95.06567763769056
6.23,shoulder,29.990525678498997,29.0918166762824,10.271492119558667,-45.77715219563247
6.23,elbow,-19.839355959709565,-3.2657183208176646,-89.03919904162834,23.441603114828467
6.23,wrist,14.88172051971717,3.729064853353291,65.40475244567108,-121.3568855536787
6.24,shoulder,29.997631326114483,29.189937662381666,9.812098609926808,-45.93935096318596
6.24,elbow,-20.536413177860624,-4.152887441526252,-88.71691207085871,32.22869707696259
6.24,wrist,14.97040092642407,4.3683954624814945,63.93306091282033,-147.16915328507503
6.25,shoulder,30.0,29.283449218943467,9.351155656179998,-46.094295374681124
6.25,elbow,-21.213203435596427,-5.03595816371423,-88.30707221879777,40.98398520609419
6.25,wrist,15.0,4.990486010449334,62.20905479678388,-172.40061160364485
6.26,shoulder,29.997631326114483,29.37233657940901,8.888736046554005,-46.241960962599336
6.26,elbow,-21.869058822642305,-5.914059003193218,-87.81008394789889,49.69882708988871
6.26,wrist,14.970400926424077,5.592881390070116,60.23953796207825,-196.95168347056267
6.2700000000000005,shoulder,29.990525678498997,29.456585707433664,8.42491280246568,-46.38232440883249
6.2700000000000005,elbow,-22.503332088913776,-6.786323380449051,-87.22643772558335,58.36462223155331
6.2700000000000005,wrist,14.881720519717168,6.173204221988749,58.03228319186337,-220.7254770214879
6.28,shoulder,29.978684179217677,29.536183299103485,7.959759166982031,-46.515363548364945
6.28,elbow,-23.1153972832737,-7.651890475851133,-86.55670954020815,66.97281853752122
6.28,wrist,14.734308760930322,6.7291642371119345,55.59600151231849,-243.62816795448816
6.29,shoulder,29.962108698180526,29.611116785036028,7.493348593254285,-46.641057372774604
6.29,elbow,-23.7046503712707,-8.509906079177481,-85.8015603326349,75.51492075732381
6.29,wrist,14.528747416929471,7.25856731525395,52.94030781420156,-265.5693698116928
6.3,shoulder,29.940801852848146,29.681374332365216,7.02575473291879,-46.75938603354955
6.3,elbow,-24.270509831248376,-9.359523432617094,-84.96173534396125,83.98249886736528
6.3,wrist,14.265847744427328,7.75932414432663,50.07568290726801,-286.46249069335477
6.3100000000000005,shoulder,29.91476700781842,29.746944846609882,6.557051424466568,-46.8703308452222
6.3100000000000005,elbow,-24.81241722823684,-10.199904066417671,-84.03806338005775,92.36719639035027
6.3100000000000005,wrist,13.946647288323781,8.22945846589966,47.01343215730285,-306.22507499651607
6.32,shoulder,29.884008274295173,29.807817973425717,6.087312681583359,-46.9738742883209
6.32,elbow,-25.32983776506046,-11.030218626354037,-83.0314559936365,100.6607386421257
6.32,wrist,13.572405786990286,8.667114874589728,43.765640869006894,-324.7791288295955
6.33,shoulder,29.848530509439005,29.863984100240337,5.616612681462006,-47.07000001213535
6.33,elbow,-25.822260810118287,-11.849647692200623,-81.94290658465867,108.85494089778297
6.33,wrist,13.144600200657973,9.070566140497933,40.345126590820385,-342.0514278186508
6.34,shoulder,29.80833931560025,29.91543435777123,5.14502575308901,-47.15869283729953
6.34,elbow,-26.28920040131591,-12.657382586400312,-80.7734894199688,116.9417164689869
6.34,wrist,12.664918882530221,9.438220025797083,36.76538852991496,-357.97380609054306
6.3500000000000005,shoulder,29.763441039434333,29.9621606214263,4.672626365507131,-47.239938758187904
6.3500000000000005,elbow,-26.73019572565106,-13.452626172131541,-79.524358573123,124.91308468458055
6.3500000000000005,wrist,12.135254915624179,9.768625568566986,33.04055427699024,-372.4834252924717
6.36,shoulder,29.713842770899536,30.00415551258686,4.199489116055855,-47.3137249451276
6.36,elbow,-27.144811573980583,-14.234593639986118,-78.19674678545766,132.76117876653348
6.36,wrist,11.55769864163684,10.060478809078262,29.185324051127687,-385.52302258625554
6.37,shoulder,29.659552342137424,30.041412399772774,3.7256887185916128,-47.38003974642425
6.37,elbow,-27.53263877051941,-15.002513282481345,-76.79196424952272,140.47825359349451
6.37,wrist,10.934529411321215,10.312627935925677,25.21491268474162,-397.04113663860676
6.38,shoulder,29.60057832623604,30.07392539968967,3.25129999168959,-47.43887269020229
6.38,elbow,-27.893294576647538,-15.755627255642143,-75.3113973160797,148.05669334430115
6.38,wrist,10.268206588930338,10.524077831701545,21.14498957758669,-406.99231071549303
6.390000000000001,shoulder,29.536930035876157,30.10168937815796,2.7763978468290174,-47.49021448605727
6.390000000000001,elbow,-28.226423068626772,-16.493192326901553,-73.75650712594091,155.48901901387865
6.390000000000001,wrist,9.561359846230317,10.693994000269504,16.991616856795837,-415.3372720790852
6.4,shoulder,29.468617521860658,30.1246999509236,2.301057276563775,-47.53405702652424
6.4,elbow,-28.5316954888546,-17.214480608581553,-72.12882816799983,162.7678957941082
6.4,wrist,8.816778784387115,10.821705860139529,12.771185987002593,-422.04308697932447
6.41,shoulder,29.39565157152741,30.1429534843504,1.8253533426801973,-47.570393388357786
6.41,elbow,-28.8088105703083,-17.91878027623031,-70.4299667648759,169.8861403123932
6.41,wrist,8.037401924684929,10.906709390946714,8.500353080718497,-427.0832906284095
6.42,shoulder,29.31804370704581,30.15644709599384,1.3493611643439454,-47.59921783362519
6.42,elbow,-29.057494833858925,-18.60539627110699,-68.66159948766796,176.836727720794
6.42,wrist,7.226305111525759,10.948669122589383,4.195973164266774,-430.43799164517236
6.43,shoulder,29.23580618359732,30.16517865505622,0.8731559062378211,-47.62052581061243
6.43,elbow,-29.2775028581624,-19.2736509861208,-66.82547150138105,183.61279862869083
6.43,wrist,6.386689373476174,10.947419459176318,-0.12496634130647699,-432.0939505573251
6.44,shoulder,29.148951987440213,30.169146782723143,0.3968127666923928,-47.63431395454283
6.44,elbow,-29.468617521860672,-19.92288493454739,-64.92339484265925,190.2076658721801
6.44,wrist,5.521868290270112,10.902965332558095,-4.445412661822406,-432.0446320515929
6.45,shoulder,29.057494833858932,30.168350852381256,-0.07959303418868285,-47.64058008810756
6.45,elbow,-29.630650217854132,-20.552457400862632,-62.957246631524185,196.61482111350642
6.45,wrist,4.635254915624208,10.815482182863315,-8.748314969477931,-430.29023076555245
6.46,shoulder,28.96144916499822,30.162790989717188,-0.5559862664068019,-47.63932322181191
6.46,elbow,-29.763441039434326,-21.161747073051476,-60.9289672188843,202.82794126398858
6.46,wrist,3.730348307472876,10.685315266116577,-13.016691674673813,-426.8376705195882
6.47,shoulder,28.860830147582575,30.152468072697708,-1.0322917019481026,-47.630543554130064
6.47,elbow,-29.8668589380924,-21.750152655767902,-58.84055827164274,208.84089472415621
6.47,wrist,2.810719718785877,10.512978291670672,-17.233697444590565,-421.700576991675
6.48,shoulder,28.755653670521284,30.13738373143108,-1.5084341266628243,-47.61424247147217
6.48,elbow,-29.94080185284815,-22.31709346374084,-56.694080797293765,214.647747434898
6.48,wrist,1.879998503464524,10.299151394830462,-21.382689684020992,-414.89922394304284
6.49,shoulder,28.645936342399285,30.117540347909653,-1.984338352142516,-47.590422547969176
6.49,elbow,-29.985196810971946,-22.86200999484041,-54.49165310995718,220.2427687336588
6.49,wrist,0.9418577929397192,10.04467845266956,-25.447294216090228,-406.46045320692355
6.5,shoulder,28.53169548885461,30.092941055633723,-2.459929227593132,-47.55908754506162
6.5,elbow,-30.0,-23.38436448223899,-52.23544873985807,225.6204370099107
6.5,wrist,-2.941009259863412e-14,9.750563753633045,-29.41146990365146,-396.4175687561235
6.51,shoulder,28.41294914984234,30.0635897391167,-2.9351316517022346,-47.52024241091024
6.51,elbow,-29.98519681097195,-23.88364142512214,-49.92769428831488,230.7754451543193
6.51,wrist,-0.9418577929396714,9.41796803406979,-33.2595719563254,-384.810205267394
6.5200000000000005,shoulder,28.289716076785936,30.029491033271718,-3.4098705844983614,-47.4738932796127
6.5200000000000005,elbow,-29.940801852848146,-24.359348097425666,-47.5706672303527,235.70270579621814
6.5200000000000005,wrist,-1.879998503464582,9.048203897336382,-36.976413673340836,-371.6841717015434
6.53,shoulder,28.162015729616233,29.990650322679713,-3.8840710592006866,-47.420047470232525
6.53,elbow,-29.866858938092403,-24.81101503409677,-45.166693667110415,240.39735632422827
6.53,wrist,-2.81071971878583,8.642730633551341,-40.547326378504074,-357.09127051632356
6.54,shoulder,28.029868273698362,29.947073740739143,-4.357658194057172,-47.35871348564853
6.54,elbow,-29.763441039434333,-25.238196494399368,-42.7181460302597,244.85476368507113
6.54,wrist,-3.7303483074728296,8.203148460443714,-43.95821731076276,-341.0890932258686
6.55,shoulder,27.893294576647552,29.89876816869745,-4.830557204169234,-47.28990101120625
6.55,elbow,-29.63065021785414,-25.64047090180638,-40.227440740701404,249.07052895583013
6.55,wrist,-4.635254915624164,7.731192208024764,-47.19562524189502,-323.7407931132259
6.5600000000000005,shoulder,27.752316205033736,29.84574123456444,-5.302693413301181,-47.213620913194724
6.5600000000000005,elbow,-29.46861752186066,-26.01744126004488,-37.6970358238498,253.04049168516002
6.5600000000000005,wrist,-5.5218682902701675,7.228724472006486,-50.24677360182776,-305.11483599327414
6.57,shoulder,27.606955420976114,29.788001311907713,-5.773992265672417,-47.129885237123574
6.57,elbow,-29.277502858162414,-26.368735544883464,-35.12942848385835,256.76073399914554
6.57,wrist,-6.3866893734761305,6.697728262987272,-53.09962090192141,-285.28473000936526
6.58,shoulder,27.45723517862752,29.725557518530405,-6.244379337730701,-47.03870720582837
6.58,elbow,-29.05749483385894,-26.69400707127527,-32.527152639180635,260.22758446777163
6.58,wrist,-7.2263051115257175,6.1402991804150275,-55.74290825722438,-264.3287355302966
6.59,shoulder,27.303179120549874,29.65841971503136,-6.713780349904456,-46.94010121737561
6.59,elbow,-28.80881057030831,-26.992934835494257,-29.892776421898784,263.4376217281852
6.59,wrist,-8.037401924684888,5.558637142213543,-58.16620382014841,-242.32955629240325
6.6000000000000005,shoulder,27.144811573980576,29.586598503248037,-7.182121178332414,-46.834082842795745
6.6000000000000005,elbow,-28.531695488854616,-27.265223831927127,-27.228899643287146,266.3876778611638
6.6000000000000005,wrist,-8.816778784387077,4.955037702711492,-60.359943950205164,-219.37401300567512
6.61,shoulder,26.982157546991132,29.51010522458235,-7.649327866568583,-46.72066882361689
6.61,elbow,-28.226423068626758,-27.51060534420825,-24.53815122811247,269.07484151746786
6.61,wrist,-9.561359846230365,4.331882993138233,-62.31547095732582,-195.55270071206587
6.62,shoulder,26.815242724537924,29.42895195820974,-8.115326637260866,-46.59987706922838
6.62,elbow,-27.893294576647556,-27.728837210410276,-21.823186620202556,271.49646079099136
6.62,wrist,-10.268206588930305,3.691632320440148,-64.02506726980852,-170.95963124826983
6.63,shoulder,26.644093464406335,29.343151519171727,-8.580043903801359,-46.47172665404928
6.63,elbow,-27.53263877051943,-27.919704062028714,-19.086685161843743,273.6501458358814
6.63,wrist,-10.934529411321181,3.036812461519666,-65.48198589204821,-145.69186222397002
6.640000000000001,shoulder,26.46873679304858,29.25271745635226,-9.043406281946508,-46.336237814514945
6.640000000000001,elbow,-27.14481157398056,-28.08301753652465,-16.3313474495936,275.53377122501405
6.640000000000001,wrist,-11.557698641636877,2.3700076912012085,-66.68047703184574,-119.84911397975202
6.65,shoulder,26.289200401315902,29.15766405033821,-9.505340601405331,-46.193431945882296
6.65,elbow,-26.730195725651036,-28.21861646321583,-13.5598926691182,277.14547804754005
6.65,wrist,-12.135254915624213,1.6938495832791007,-67.61581079221077,-93.53337603650198
6.66,shoulder,26.105512640085774,29.05800631116427,-9.965773917393879,-46.04333159885475
6.66,elbow,-26.289200401315938,-28.326367022332672,-10.775055911684081,278.483675743412
6.66,wrist,-12.664918882530197,1.011006624898056,-68.28429583810448,-66.84850458937171
6.67,shoulder,25.917702515785077,28.95375997594273,-10.424633522154046,-45.88596047601669
6.67,elbow,-25.822260810118316,-28.406162877082206,-7.979585474953377,279.5470436730704
6.67,wrist,-13.144600200657951,0.3241736852535303,-68.68329396445257,-39.89981263480877
6.68,shoulder,25.72579968580957,28.84494150637838,-10.881846956434988,-45.72134342809409
6.68,elbow,-25.32983776506049,-28.457925278589666,-5.176240150745942,280.3345324207435
6.68,wrist,-13.572405786990263,-0.36393861982582165,-68.81123050793519,-12.79365434826218
6.69,shoulder,25.529834453840742,28.731568086169027,-11.337342020935244,-45.5495064500256
6.69,elbow,-24.812417228236868,-28.481603143614112,-2.36778650244475,280.8453648301192
6.69,wrist,-13.946647288323764,-1.0506146254404607,-68.66760056146391,14.362994647127834
6.7,shoulder,25.329837765060454,28.613657618291988,-11.791046787703854,-45.370476676860974
6.7,elbow,-24.270509831248408,-28.47717310496143,0.44300386526804303,281.0790367712793
6.7,wrist,-14.265847744427314,-1.7331443351086522,-68.25297096681916,41.46295946447458
6.71,shoulder,25.12584120126426,28.491228722177002,-12.242889611498637,-45.18428237947823
6.71,elbow,-23.70465037127073,-28.444639534544926,3.2533570416502977,281.0353176382255
6.71,wrist,-14.528747416929459,-2.4088341158845,-67.56897807758475,68.39928892344199
6.72,shoulder,24.917876975874375,28.364300730766004,-12.692799141099796,-44.990952960116005
6.72,elbow,-23.115397283273737,-28.384034539070775,6.060499547414976,280.7142505764678
6.72,wrist,-14.734308760930315,-3.0750173288965783,-66.61832130120784,95.06567763769067
6.73,shoulder,24.705977928852832,28.232893687460233,-13.140704330577082,-44.79051894772853
6.73,elbow,-22.503332088913744,-28.29541792835258,8.861661071819398,280.1161524404422
6.73,wrist,-14.881720519717177,-3.729064853353289,-65.40475244567106,121.35688555367756
6.74,shoulder,24.490177521515513,28.097028342955145,-13.586534450508804,-44.58301199317218
6.74,elbow,-21.869058822642344,-28.17887715628631,11.654077206627212,279.24161348078144
6.74,wrist,-14.970400926424073,-4.368395462481493,-63.93306091282032,147.16915328507434
6.75,shoulder,24.270509831248425,27.956726151963636,-14.030219099150788,-44.36846486419836
6.75,elbow,-21.213203435596462,-28.034527234543848,14.434992174245854,278.0914967618642
6.75,wrist,-15.0,-4.990486010449332,-62.209054796783875,172.40061160364462
6.76,shoulder,24.047009546126315,27.8120092698281,-14.471688213553653,-44.146911440286544
6.76,elbow,-20.536413177860666,-27.862510619070385,17.201661547346262,276.6669373100407
6.76,wrist,-14.970400926424073,-5.592881390070114,-60.23953796207825,196.95168347056256
6.7700000000000005,shoulder,23.81971195943506,27.662900549021835,-14.910872080626577,-43.9183867072923
6.7700000000000005,elbow,-19.839355959709525,-27.66299706949757,19.951354957281225,274.9693409934964
6.7700000000000005,wrist,-14.881720519717161,-6.1732042219887475,-58.03228319186337,220.72547702148825
6.78,shoulder,23.588652964098586,27.50942353554038,-15.347701348145751,-43.68292675191735
6.78,elbow,-19.122719692460706,-27.436183481611277,22.6813587886296,273.00038313483725
6.78,wrist,-14.734308760930332,-6.729164237111933,-55.5960015123185,243.62816795448714
6.79,shoulder,23.3538690470107,27.35160246518332,-15.782107035705963,-43.440568756021094
6.79,elbow,-18.387211609589354,-27.182293693039206,25.3889788572072,270.7620068577602
6.79,wrist,-14.528747416929484,-7.2585673152539485,-52.94030781420158,265.5693698116919
6.8,shoulder,23.11539728327369,27.189462259727186,-16.214020545613337,-43.19135099073745
6.8,elbow,-17.63355756877422,-26.901578262350192,28.071543068901327,268.2564211694129
6.8,wrist,-14.265847744427312,-7.759324144326628,-50.07568290726802,286.46249069335624
6.8100000000000005,shoulder,22.87327533034343,27.023028522990007,-16.64337367371777,-42.935312810443605
6.8100000000000005,elbow,-16.862501335563902,-26.594314221783144,30.726404056704943,265.48609878036143
6.8100000000000005,wrist,-13.946647288323762,-8.229458465899658,-47.013432157302844,306.2250749965176
6.82,shoulder,22.627541422083123,26.852327536788177,-17.070098620183103,-42.67249464653318
6.82,elbow,-16.074803849369932,-26.26080480384966,33.35094179334828,262.4537736643334
6.82,wrist,-13.57240578699031,-8.667114874589727,-43.76564086900691,324.7791288295934
6.83,shoulder,22.378234362725454,26.677386256786242,-17.494128000193545,-42.402938001044106
6.83,elbow,-15.271242472511133,-25.901379142080163,35.9425661769496,259.1624383601322
6.83,wrist,-13.14460020065795,-9.070566140497931,-40.345126590820385,342.0514278186527
6.84,shoulder,22.12539352074522,26.498232308240297,-17.91539485459447,-42.12668544009253
6.84,elbow,-14.4526102230515,-25.516391946208834,38.49871958713285,255.6153410183246
6.84,wrist,-12.664918882530252,-9.438220025797081,-36.76538852991498,357.9738060905405
6.8500000000000005,shoulder,21.86905882264233,26.314893981635635,-18.3338326604661,-41.84378058716291
6.8500000000000005,elbow,-13.619714992186406,-25.10622315211793,41.016879409090365,251.81598219575153
6.8500000000000005,wrist,-12.13525491562421,-9.768625568566984,-33.040554276990285,372.4834252924693
6.86,shoulder,21.609270746637208,26.127400228219354,-18.749375341628184,-41.55426811620828
6.86,elbow,-12.773378746952138,-24.67127754688694,43.494560523099,247.76811140086318
6.86,wrist,-11.557698641636808,-10.06047880907826,-29.185324051127697,385.52302258625866
6.87,shoulder,21.346070316278578,25.935780655428612,-19.16195727907424,-41.25819374460559
6.87,elbow,-11.91443671904343,-24.21198436931661,45.929317757033225,243.47572339342264
6.87,wrist,-10.93452941132118,-10.312627935925676,-25.214912684741602,397.0411366386096
6.88,shoulder,21.079499093965474,25.740065522215275,-19.571513321333555,-40.95560422593161
6.88,elbow,-11.043736580540406,-23.728796886322062,48.31874829945496,238.94305424217362
6.88,wrist,-10.26820658893038,-10.524077831701543,-21.14498957758671,406.99231071548934
6.890000000000001,shoulder,20.809599174384125,25.54028573426768,-19.97797879475933,-40.64654734257755
6.890000000000001,elbow,-10.162137607358764,-23.22219194561308,50.660494070898345,234.1745771443384
6.890000000000001,wrist,-9.561359846230362,-10.693994000269502,-16.99161685679589,415.3372720790819
6.9,shoulder,20.536413177860652,25.336472839130266,-20.381289513741397,-40.33107189820649
6.9,elbow,-9.2705098312484,-22.692669505102987,52.95224405100935,229.17499801110068
6.9,wrist,-8.816778784387074,-10.821705860139527,-12.771185987002605,422.04308697932845
6.91,shoulder,20.25998424363074,25.128659021221846,-20.781381790841895,-40.009227710049885
6.91,elbow,-8.36973318117691,-22.14075213951055,55.19173655924388,223.94925082345242
6.91,wrist,-8.037401924684975,-10.906709390946713,-8.500353080718547,427.08329062840585
6.92,shoulder,19.980356023027575,24.916877096753325,-21.17819244685225,-39.6810656010357
6.92,elbow,-7.460696614945631,-21.566984524641814,57.37676148687356,218.5024927629686
6.92,wrist,-7.226305111525714,-10.948669122589381,-4.195973164266781,430.4379916451766
6.93,shoulder,19.6975726725887,24.701160508545627,-21.571658820769922,-39.34663739176705
6.93,elbow,-6.54429724189632,-20.971932899860853,59.50516247809603,212.8400991222469
6.93,wrist,-6.386689373476127,-10.947419459176317,0.12496634130650808,432.09395055732887
6.94,shoulder,19.41167884708331,24.481543320748695,-21.961718779693257,-39.005995892333345
6.94,elbow,-5.621439437571737,-20.356184509279874,61.57483905809798,206.96765800019455
6.94,wrist,-5.521868290270164,-10.902965332558093,4.445412661822389,432.0446320515881
6.95,shoulder,19.12271969246069,24.258060213462365,-22.348310728633,-38.6591948939741
6.95,elbow,-4.693033951206981,-19.720347022220174,63.58374870596996,200.89096478719784
6.95,wrist,-4.635254915624261,-10.815482182863315,8.748314969477873,430.29023076554836
6.96,shoulder,18.830740838721034,24.030746477259974,-22.73137362023889,-38.306289160589216
6.96,elbow,-3.7599970069291353,-19.065047933515892,65.52990887042819,194.61601644582288
6.96,wrist,-3.730348307472826,-10.685315266116577,13.016691674673805,426.8376705195931
6.97,shoulder,18.535788392710025,23.799638007615577,-23.11084696443976,-37.94733442008686
6.97,elbow,-2.823249399555496,-18.39093394425236,67.41139892635304,188.14900559248542
6.97,wrist,-2.810719718785931,-10.512978291670672,17.23369744459051,421.70057699167074
6.98,shoulder,18.237908930838174,23.564771299235623,-23.48667083799554,-37.58238735557808
6.98,elbow,-1.88371558587942,-17.698670323550214,69.22636207021445,181.49631438614006
6.98,wrist,-1.8799985034645785,-10.299151394830464,21.382689684020903,414.89922394303926
6.99,shoulder,17.937149491725556,23.326183440296024,-23.858785893959922,-37.21150559643837
6.99,elbow,-0.9423227723438197,-16.98894025202509,70.97300715251255,174.6645082298104
6.99,wrist,-0.9418577929396678,-10.044678452669562,25.447294216090196,406.4604532069292
7.0,shoulder,17.6335575687742,23.083912106585505,-24.227133371051856,-36.83474770919355
7.0,elbow,-2.939152317953648e-14,-16.26244414757083,72.64961044542608,167.66032929135292
7.0,wrist,-2.5717582782094416e-14,-9.750563753633047,29.411469903651394,396.4175687561198
7.01,shoulder,17.327181102668057,22.83799555555616,-24.591655102934688,-36.45217318828307
7.01,elbow,0.9423227723437609,-15.519898974131593,74.2545173439237,160.49068984976236
7.01,wrist,0.9418577929396165,-9.417968034069794,33.2595719563253,384.81020526739076
7.0200000000000005,shoulder,17.0180684738027,22.588472620282147,-24.952293527401295,-36.06384244666086
7.0200000000000005,elbow,1.8837155858794674,-14.762037534144998,75.78614399865948,153.16266547357918
7.0200000000000005,wrist,1.8799985034646334,-9.048203897336386,36.976413673340794,371.6841717015494
7.03,shoulder,16.706268494645663,22.335382703327507,-25.308991695463785,-35.669816806249
7.03,elbow,2.8232493995554373,-13.989607745354592,77.2429788790406,145.68348803811227
7.03,wrist,2.810719718785881,-8.642730633551345,40.54732637850408,357.0912705163287
7.04,shoulder,16.39183040202807,22.078765770524043,-25.66169328034646,-35.270158488267214
7.04,elbow,3.759997006929077,-13.203371902705332,78.62358426492594,138.06053858853284
7.04,wrist,3.7303483074727763,-8.203148460443717,43.95821731076273,341.0890932258644
7.05,shoulder,16.074803849369918,21.81866234466024,-26.010342586380393,-34.86493060339336
7.05,elbow,4.693033951206924,-12.40410592605051,79.92659766548218,130.3013400556241
7.05,wrist,4.635254915624212,-7.731192208024767,47.19562524189504,323.7407931132308
7.0600000000000005,shoulder,15.755238898838865,21.555113499082253,-26.35488455779851,-34.45419714181185
7.0600000000000005,elbow,5.621439437571783,-11.592598594412534,81.1507331637977,122.41354983155134
7.0600000000000005,wrist,5.5218682902702145,-7.228724472006489,50.24677360182782,305.114835993278
7.07,shoulder,15.433186013445205,21.28816085120796,-26.695264787429448,-34.03802296309385
7.07,elbow,6.544297241896263,-10.769650767553262,82.29478268592725,114.40495221295544
7.07,wrist,6.386689373476081,-6.697728262987274,53.099620901921426,285.2847300093605
7.08,shoulder,15.10869604907281,21.017846555955067,-27.031429525289152,-33.616473785970385
7.08,elbow,7.460696614945574,-9.93607459562211,83.35761719311527,106.28345071880312
7.08,wrist,7.226305111525669,-6.140299180415031,55.74290825722435,264.32873553029253
7.09,shoulder,14.781820246448753,20.744213299084382,-27.363325687068546,-33.18961617793937
7.09,elbow,8.369733181176855,-9.092692717661901,84.33818779602082,98.05706029055455
7.09,wrist,8.037401924684932,-5.558637142213547,58.166203820148425,242.32955629240757
7.1000000000000005,shoulder,14.45261022305144,20.46730429045922,-27.690900862516237,-32.757517544769314
7.1000000000000005,elbow,9.270509831248445,-8.240337449763455,85.23552678984453,89.73389938237074
7.1000000000000005,wrist,8.816778784387118,-4.955037702711495,60.359943950205206,219.3740130056783
7.11,shoulder,14.121117964959979,20.187163257222075,-28.014103323714636,-32.32024611983982
7.11,elbow,10.162137607358709,-7.3798499636700905,86.04874860933649,81.32218194919551
7.11,wrist,9.56135984623032,-4.331882993138237,62.31547095732583,195.552700712062
7.12,shoulder,13.787395818644658,19.90383443688959,-28.33288203324843,-31.877870953379585
7.12,elbow,11.043736580540351,-6.512079456642667,86.77705070274237,72.83020934058868
7.12,wrist,10.26820658893034,-3.691632320440151,64.02506726980856,170.9596312482729
7.13,shoulder,13.451496482700964,19.61736257036695,-28.647186652264008,-31.43046190155752
7.13,elbow,11.914436719043376,-5.637882313404417,87.4197143238249,64.26636210825404
7.13,wrist,10.934529411321144,-3.036812461519669,65.48198589204823,145.6918622239666
7.140000000000001,shoulder,13.113472999527957,19.327792894882766,-28.956967548418483,-30.978089615447658
7.140000000000001,elbow,12.773378746952181,-4.758121260992619,87.97610524117988,55.639091735497004
7.140000000000001,wrist,11.557698641636842,-2.3700076912012116,66.68047703184573,119.84911397974906
7.15,shoulder,12.77337874695217,19.035171136845594,-29.26217580371724,-30.520825529875935
7.15,elbow,13.619714992186449,-3.8736645173511612,88.44567436414573,46.95691229658564
7.15,wrist,12.135254915624243,-1.6938495832791038,67.61581079221077,93.5333760365047
7.16,shoulder,12.431267429798536,18.739543504623207,-29.562763222238686,-30.058741852144408
7.16,elbow,14.452610223051451,-2.985384934504263,88.82795828468981,38.228392054408005
7.16,wrist,12.664918882530223,-1.0110066248980587,68.28429583810451,66.84850458937399
7.17,shoulder,12.087193071409912,18.44095668124576,-29.85868233774491,-29.591911550622285
7.17,elbow,15.27124247251108,-2.0941591371569004,89.12257973473625,29.462145004642935
7.17,wrist,13.144600200657925,-0.32417368525353296,68.68329396445257,39.899812634806494
7.18,shoulder,11.741210005116077,18.139457817033986,-30.14988642117719,-29.12040834322795
7.18,elbow,16.074803849369882,-1.2008666575720606,89.32924795848398,20.666822374771982
7.18,wrist,13.572405786990288,0.3639386198258192,68.81123050793522,12.793654348264454
7.19,shoulder,11.393372865654012,17.835094522153636,-30.436329488035003,-28.6443066857814
7.19,elbow,16.86250133556394,-0.30638906757858553,89.4477589993475,11.85110408635228
7.19,wrist,13.946647288323783,1.050614625440459,68.66760056146396,-14.36299464712647
7.2,shoulder,11.043736580540338,17.52791485909726,-30.71796630563752,-28.163681760251876
7.2,elbow,17.633557568774172,0.588390891433789,89.47799590123745,3.023690188995488
7.2,wrist,14.265847744427294,1.7331443351086508,68.25297096681919,-41.462959464476626
7.21,shoulder,10.692356361397543,17.2179673350946,-30.994752400266407,-27.678609462888602
7.21,elbow,18.387211609589308,1.4825901796736116,89.41992882398226,-5.8067077255182085
7.21,wrist,14.528747416929473,2.4088341158844986,67.56897807758477,-68.3992889234413
7.22,shoulder,10.339287695235505,16.90530089445271,-31.266644064188732,-27.189166392232494
7.22,elbow,19.12271969246066,2.3753263304013776,89.27361507277662,-14.631375120564144
7.22,wrist,14.734308760930322,3.0750173288965774,66.61832130120787,-95.06567763769056
7.23,shoulder,9.984586335689615,16.589964910827124,-31.533598362558873,-26.69542983701399
7.23,elbow,19.83935595970956,3.265718320817661,89.03919904162834,-23.441603114828467
7.23,wrist,14.881720519717168,3.729064853353288,65.40475244567108,-121.35688555367858
7.24,shoulder,9.628308294216273,16.27200917942514,-31.795573140198503,-26.197477763963064
7.24,elbow,20.536413177860624,4.152887441526248,88.71691207085871,-32.22869707696236
7.24,wrist,14.97040092642407,4.368395462481492,63.93306091282033,-147.16915328507469
7.25,shoulder,9.270509831248434,15.951483909142608,-32.05252702825331,-25.695388805480235
7.25,elbow,21.213203435596423,5.035958163714226,88.30707221879777,-40.98398520609419
7.25,wrist,15.0,4.990486010449331,62.20905479678389,-172.4006116036445
7.26,shoulder,8.91124744731108,15.628439714635352,-32.30441945072565,-25.18924224723463
7.26,elbow,21.8690588226423,5.9140590031932145,87.81008394789889,-49.69882708988871
7.26,wrist,14.970400926424077,5.592881390070113,60.239537962078266,-196.95168347056256
7.2700000000000005,shoulder,8.550577874099288,15.30292760832653,-32.551210630882025,-24.679118015637357
7.2700000000000005,elbow,22.503332088913776,6.786323380449049,87.22643772558337,-58.36462223155286
7.2700000000000005,wrist,14.881720519717168,6.1732042219887475,58.032283191863385,-220.7254770214878
7.28,shoulder,8.188558065519784,14.974998992351189,-32.79286159753416,-24.165096665213696
7.28,elbow,23.115397283273698,7.65189047585113,86.55670954020815,-66.97281853752145
7.28,wrist,14.734308760930322,6.729164237111933,55.5960015123185,-243.62816795448816
7.29,shoulder,7.825245188696907,14.644705650439258,-33.02933419119314,-23.64725936589798
7.29,elbow,23.704650371270695,8.50990607917748,85.8015603326349,-75.51492075732381
7.29,wrist,14.528747416929473,7.2585673152539485,52.940307814201574,-265.5693698116928
7.3,shoulder,7.460696614945665,14.312099739738306,-33.26059107009513,-23.125687890198606
7.3,elbow,24.270509831248372,9.359523432617092,84.96173534396125,-83.9824988673654
7.3,wrist,14.265847744427328,7.759324144326628,50.075682907268025,-286.4624906933549
7.3100000000000005,shoulder,7.094969910711732,13.977233782577324,-33.48659571609815,-22.600464600301905
7.3100000000000005,elbow,24.812417228236836,10.19990406641767,84.03806338005775,-92.36719639035027
7.3100000000000005,wrist,13.946647288323783,8.229458465899658,47.013432157302866,-306.225074996516
7.32,shoulder,6.7281228284814505,13.640160658172837,-33.707312440448646,-22.07167243504972
7.32,elbow,25.32983776506046,11.030218626354035,83.0314559936365,-100.66073864212558
7.32,wrist,13.572405786990288,8.667114874589727,43.76564086900691,-324.77912882959544
7.33,shoulder,6.360213297661625,13.300933594278664,-33.92270638941724,-21.539394896859335
7.33,elbow,25.822260810118287,11.849647692200621,81.94290658465867,-108.85494089778285
7.33,wrist,13.144600200657974,9.070566140497931,40.3451265908204,-342.0514278186507
7.34,shoulder,5.991299415432219,12.95960615878064,-34.13274354980244,-21.003716038519883
7.34,elbow,26.289200401315906,12.65738258640031,80.7734894199688,-116.94171646898701
7.34,wrist,12.664918882530223,9.438220025797081,36.76538852991497,-357.973806090543
7.3500000000000005,shoulder,5.621439437571718,12.616232251237621,-34.337390754301815,-20.464720449937317
7.3500000000000005,elbow,26.730195725651058,13.45262617213154,79.524358573123,-124.91308468458067
7.3500000000000005,wrist,12.13525491562418,9.768625568566984,33.04055427699026,-372.48342529247157
7.36,shoulder,5.2506917692582835,12.270866094370128,-34.53661568674941,-19.922493244758982
7.36,elbow,27.14481157398058,14.234593639986116,78.19674678545766,-132.7611787665336
7.36,wrist,11.557698641636842,10.06047880907826,29.1853240511277,-385.5230225862555
7.37,shoulder,4.879114955846533,11.923562225497939,-34.73038688721889,-19.377120046948505
7.37,elbow,27.53263877051941,15.002513282481344,76.79196424952272,-140.4782535934944
7.37,wrist,10.934529411321217,10.312627935925677,25.214912684741634,-397.0411366386067
7.38,shoulder,4.506767673622708,11.574375487928025,-34.918673756991474,-18.828686977258087
7.38,elbow,27.893294576647534,15.75562725564214,75.3113973160797,-148.05669334430127
7.38,wrist,10.26820658893034,10.524077831701545,21.144989577586703,-406.9923107154931
7.390000000000001,shoulder,4.133708720539108,11.223361022294148,-35.101446563387725,-18.277280639624905
7.390000000000001,elbow,28.226423068626772,16.49319232690155,73.75650712594091,-155.48901901387853
7.390000000000001,wrist,9.56135984623032,10.693994000269504,16.99161685679585,-415.3372720790852
7.4,shoulder,3.759997006929117,10.87057425784952,-35.27867644446272,-17.722988107499418
7.4,elbow,28.5316954888546,17.21448060858155,72.12882816799983,-162.76789579410809
7.4,wrist,8.816778784387118,10.821705860139529,12.771185987002607,-422.04308697932447
7.41,shoulder,3.385691546204464,10.516070903713883,-35.45033541356372,-17.165896910100514
7.41,elbow,28.808810570308296,17.918780276230308,70.4299667648759,-169.8861403123932
7.41,wrist,8.037401924684932,10.906709390946714,8.500353080718511,-427.0832906284095
7.42,shoulder,3.010851445536483,10.159906940076388,-35.61639636374959,-16.606095018586245
7.42,elbow,29.05749483385892,18.605396271106986,68.66159948766796,-176.836727720794
7.42,wrist,7.226305111525762,10.948669122589383,4.195973164266788,-430.43799164517236
7.43,shoulder,2.635535896522302,9.802138609355675,-35.776833072071256,-16.043670832166697
7.43,elbow,29.2775028581624,19.273650986120796,66.82547150138105,-183.6127986286907
7.43,wrist,6.386689373476178,10.947419459176318,-0.12496634130646278,-432.09395055732506
7.44,shoulder,2.259804165837959,9.442822407318548,-35.93162020371264,-15.478713164138583
7.44,elbow,29.468617521860672,19.922884934547387,64.92339484265925,-190.20766587217986
7.44,wrist,5.521868290270115,10.902965332558095,-4.445412661822392,-432.0446320515929
7.45,shoulder,1.8837155858794017,9.082015074158635,-36.08073331599129,-14.911311227864758
7.45,elbow,29.63065021785413,20.55245740086263,62.957246631524185,-196.61482111350642
7.45,wrist,4.635254915624212,10.815482182863315,-8.748314969477915,-430.2902307655524
7.46,shoulder,1.5073295453931104,8.719773585536453,-36.22414886221819,-14.341554622690694
7.46,elbow,29.763441039434326,21.161747073051473,60.9289672188843,-202.82794126398835
7.46,wrist,3.7303483074728794,10.685315266116577,-13.016691674673798,-426.8376705195882
7.47,shoulder,1.13070548009803,8.356155143582292,-36.361844195416104,-13.769533319791378
7.47,elbow,29.8668589380924,21.7501526557679,58.84055827164274,-208.840894724156
7.47,wrist,2.810719718785881,10.512978291670672,-17.233697444590547,-421.70057699167495
7.48,shoulder,0.7539028633001418,7.9912171678633355,-36.493797571895676,-13.19533764795716
7.48,elbow,29.94080185284815,22.317093463740836,56.694080797293765,-214.64774743489778
7.48,wrist,1.8799985034645277,10.299151394830462,-21.382689684020974,-414.8992239430428
7.49,shoulder,0.3769811965005658,7.625017286316444,-36.61998815468913,-12.619058279345381
7.49,elbow,29.985196810971946,22.862009994840406,54.49165310995718,-220.24276873365858
7.49,wrist,0.9418577929397229,10.04467845266956,-25.44729421609021,-406.4604532069235
7.5,shoulder,1.1021821192326178e-14,7.2576133261480384,-36.74039601684058,-12.040786215144294
7.5,elbow,30.0,23.384364482238986,52.23544873985807,-225.62043700991046
7.5,wrist,8.084525816282296e-14,9.750563753633045,-29.41146990365136,-396.4175687561149
7.51,shoulder,-0.3769811965005438,6.8890633047025105,-36.85500214455276,-11.460612771218678
7.51,elbow,29.98519681097195,23.883641425122136,49.92769428831488,-230.77544515431907
7.51,wrist,-0.9418577929396678,9.417968034069792,-33.25957195632531,-384.8102052673954
7.5200000000000005,shoulder,-0.7539028633001197,6.519425420300615,-36.963788440189596,-10.878629563683091
7.5200000000000005,elbow,29.940801852848146,24.359348097425663,47.570667230352704,-235.70270579621797
7.5200000000000005,wrist,-1.8799985034645785,9.048203897336386,-36.97641367334076,-371.68417170154476
7.53,shoulder,-1.130705480098008,6.148758043049276,-37.066737725133876,-10.294928494428177
7.53,elbow,29.866858938092403,24.811015034096766,45.16669366711042,-240.39735632422804
7.53,wrist,-2.8107197187858266,8.642730633551345,-40.547326378504,-357.0912705163248
7.54,shoulder,-1.5073295453930884,5.777119705624275,-37.16383374250011,-9.70960173662354
7.54,elbow,29.763441039434337,25.238196494399364,42.71814603025972,-244.8547636850708
7.54,wrist,-3.730348307472826,8.203148460443717,-43.9582173107627,-341.08909322586976
7.55,shoulder,-1.8837155858793795,5.404569094027259,-37.25506115970156,-9.122741720145314
7.55,elbow,29.63065021785414,25.640470901806378,40.22744074070142,-249.07052895583007
7.55,wrist,-4.635254915624159,7.731192208024768,-47.195625241894966,-323.7407931132269
7.5600000000000005,shoulder,-2.2598041658379895,5.031165038318544,-37.34040557087154,-8.53444111699747
7.5600000000000005,elbow,29.46861752186066,26.017441260044876,37.697035823849816,-253.04049168516002
7.5600000000000005,wrist,-5.521868290270164,7.2287244720064905,-50.24677360182772,-305.11483599327505
7.57,shoulder,-2.63553589652228,4.656966503327162,-37.41985349913814,-7.94479282666066
7.57,elbow,29.277502858162414,26.36873554488346,35.12942848385836,-256.7607339991455
7.57,wrist,-6.386689373476127,6.697728262987277,-53.09962090192138,-285.28473000936594
7.58,shoulder,-3.010851445536461,4.282032579339637,-37.49339239875254,-7.353889961439791
7.58,elbow,29.05749483385894,26.694007071275266,32.52715263918065,-260.2275844677716
7.58,wrist,-7.226305111525714,6.140299180415034,-55.74290825722435,-264.3287355302972
7.59,shoulder,-3.3856915462044417,3.906422472768937,-37.56101065706997,-6.761825831742783
7.59,elbow,28.808810570308314,26.992934835494253,29.8927764218988,-263.43762172818487
7.59,wrist,-8.037401924684884,5.55863714221355,-58.16620382014839,-242.3295562924037
7.6000000000000005,shoulder,-3.7599970069291477,3.530195496805101,-37.62269759638361,-6.168693931363634
7.6000000000000005,elbow,28.531695488854616,27.265223831927123,27.228899643287164,-266.38767786116387
7.6000000000000005,wrist,-8.816778784387074,4.955037702711499,-60.35994395020515,-219.3740130056757
7.61,shoulder,-4.133708720539139,3.153411062048995,-37.678443475610614,-5.5745879227007435
7.61,elbow,28.22642306862676,27.510605344208248,24.538151228112486,-269.0748415174677
7.61,wrist,-9.561359846230362,4.33188299313824,-62.315470957325815,-195.55270071206633
7.62,shoulder,-4.5067676736226865,2.7761286671306906,-37.728239491830436,-4.97960162198234
7.62,elbow,27.893294576647556,27.728837210410273,21.823186620202573,-271.49646079099136
7.62,wrist,-10.268206588930301,3.691632320440155,-64.02506726980852,-170.95963124827017
7.63,shoulder,-4.879114955846512,2.3984078893139418,-37.77207778167488,-4.383828984444619
7.63,elbow,27.53263877051943,27.91970406202871,19.08668516184376,-273.6501458358814
7.63,wrist,-10.93452941132118,3.036812461519673,-65.48198589204821,-145.69186222397047
7.640000000000001,shoulder,-5.250691769258315,2.020308375088244,-37.809951422569796,-3.7873640894911773
7.640000000000001,elbow,27.144811573980565,28.083017536524647,16.331347449593622,-275.5337712250139
7.640000000000001,wrist,-11.557698641636875,2.3700076912012156,-66.68047703184574,-119.84911397975247
7.65,shoulder,-5.621439437571749,1.6418898307499619,-37.84185443382821,-3.1903011258413585
7.65,elbow,26.730195725651036,28.218616463215827,13.55989266911822,-277.1454780475401
7.65,wrist,-12.13525491562421,1.6938495832791078,-67.61581079221077,-93.5333760365022
7.66,shoulder,-5.991299415432198,1.2632120129740136,-37.867781777594814,-2.592734376660701
7.66,elbow,26.289200401315938,28.32636702233267,10.775055911684099,-278.483675743412
7.66,wrist,-12.664918882530195,1.0110066248980631,-68.28429583810448,-66.84850458937194
7.67,shoulder,-6.360213297661603,0.8843347193775989,-37.887729359641476,-1.994758204666141
7.67,elbow,25.822260810118316,28.406162877082203,7.979585474953396,-279.54704367307033
7.67,wrist,-13.14460020065795,0.3241736852535374,-68.68329396445257,-39.89981263480945
7.68,shoulder,-6.728122828481428,0.5053177790774612,-37.90169403001377,-1.3964670372292858
7.68,elbow,25.329837765060493,28.457925278589663,5.176240150745962,-280.33453242074336
7.68,wrist,-13.572405786990261,-0.36393861982581466,-68.8112305079352,-12.793654348262635
7.69,shoulder,-7.094969910711763,0.12622104324217764,-37.90967358352836,-0.7979553514587678
7.69,elbow,24.812417228236868,28.48160314361411,2.36778650244477,-280.84536483011925
7.69,wrist,-13.946647288323762,-1.050614625440454,-68.66760056146393,14.362994647127607
7.7,shoulder,-7.460696614945643,-0.25289562435903457,-37.91166676012122,-0.1993176592859527
7.7,elbow,24.27050983124841,28.47717310496143,-0.44300386526802127,-281.0790367712791
7.7,wrist,-14.265847744427312,-1.733144335108646,-68.25297096681919,41.46295946447435
7.71,shoulder,-7.825245188696885,-0.6319723568095013,-37.90767324504667,0.3993515074557763
7.71,elbow,23.704650371270734,28.444639534544926,-3.253357041650277,-281.03531763822554
7.71,wrist,-14.528747416929457,-2.4088341158844937,-67.56897807758477,68.3992889234421
7.72,shoulder,-8.188558065519763,-1.0109492934987716,-37.89769366892704,0.9979576119628746
7.72,elbow,23.115397283273737,28.384034539070775,-6.060499547414958,-280.7142505764681
7.72,wrist,-14.734308760930313,-3.0750173288965725,-66.61832130120787,95.0656776376909
7.73,shoulder,-8.550577874099266,-1.3897665895753024,-37.88172960765308,1.5964061273965626
7.73,elbow,22.503332088913748,28.29541792835258,-8.861661071819379,-280.11615244044214
7.73,wrist,-14.881720519717176,-3.7290648533532833,-65.4047524456711,121.35688555367778
7.74,shoulder,-8.911247447311059,-1.7683644253966537,-37.85978358213514,2.1946025517943895
7.74,elbow,21.869058822642348,28.17887715628631,-11.654077206627193,-279.24161348078144
7.74,wrist,-14.970400926424073,-4.3683954624814865,-63.93306091282035,147.16915328507423
7.75,shoulder,-9.270509831248411,-2.1466830159757038,-37.83185905790503,2.7924524230107863
7.75,elbow,21.213203435596466,28.03452723454385,-14.434992174245835,-278.0914967618643
7.75,wrist,-15.0,-4.990486010449326,-62.2090547967839,172.40061160364462
7.76,shoulder,-9.628308294216252,-2.5246626204213922,-37.797960444568844,3.389861333618285
7.76,elbow,20.53641317786067,27.862510619070388,-17.201661547346244,-276.6669373100409
7.76,wrist,-14.970400926424073,-5.592881390070108,-60.23953796207827,196.95168347056267
7.7700000000000005,shoulder,-9.984586335689595,-2.9022435513724982,-37.75809309511062,3.9867349458226045
7.7700000000000005,elbow,19.83935595970953,27.662997069497575,-19.95135495728121,-274.96934099349664
7.7700000000000005,wrist,-14.881720519717163,-6.173204221988742,-58.03228319186339,220.7254770214879
7.78,shoulder,-10.339287695235486,-3.279366184422968,-37.71226330504696,4.582979006365406
7.78,elbow,19.12271969246071,27.43618348161128,-22.681358788629584,-273.0003831348374
7.78,wrist,-14.734308760930334,-6.729164237111927,-55.59600151231852,243.6281679544869
7.79,shoulder,-10.692356361397522,-3.655970967537298,-37.660478311433025,5.178499361393506
7.79,elbow,18.387211609589357,27.18229369303921,-25.38897885720719,-270.76200685776035
7.79,wrist,-14.528747416929486,-7.258567315253943,-52.9403078142016,265.5693698116917
7.8,shoulder,-11.043736580540317,-4.031998430454494,-37.60274629171959,5.77320197134344
7.8,elbow,17.633557568774222,26.901578262350196,-28.07154306890132,-268.256421169413
7.8,wrist,-14.265847744427314,-7.759324144326624,-50.075682907268046,286.462490693356
7.8100000000000005,shoulder,-11.39337286565404,-4.407389194079112,-37.53907636246184,6.366992925774866
7.8100000000000005,elbow,16.862501335563906,26.594314221783147,-30.726404056704936,-265.48609878036154
7.8100000000000005,wrist,-13.946647288323764,-8.229458465899652,-47.01343215730287,306.22507499651755
7.82,shoulder,-11.741210005116058,-4.782083979857909,-37.46947857787967,6.959778458216931
7.82,elbow,16.074803849369935,26.260804803849666,-33.35094179334827,-262.4537736643335
7.82,wrist,-13.572405786990311,-8.667114874589721,-43.76564086900694,324.7791288295933
7.83,shoulder,-12.087193071409892,-5.156023619140609,-37.39396392827009,7.551464960958015
7.83,elbow,15.271242472511137,25.90137914208017,-35.9425661769496,-259.1624383601325
7.83,wrist,-13.144600200657951,-9.070566140497926,-40.34512659082041,342.0514278186526
7.84,shoulder,-12.431267429798517,-5.5291490625233255,-37.31254433827164,8.141958999844405
7.84,elbow,14.452610223051504,25.51639194620884,-38.49871958713285,-255.61534101832473
7.84,wrist,-12.664918882530253,-9.438220025797076,-36.76538852991501,357.9738060905404
7.8500000000000005,shoulder,-12.773378746952199,-5.90140138917314,-37.22523266498146,8.731167329018206
7.8500000000000005,elbow,13.61971499218641,25.106223152117938,-41.016879409090365,-251.81598219575176
7.8500000000000005,wrist,-12.135254915624213,-9.768625568566979,-33.040554276990314,372.4834252924692
7.86,shoulder,-13.113472999527986,-6.272721816132389,-37.13204269592488,9.318996905657855
7.86,elbow,12.773378746952142,24.671277546886948,-43.494560523099,-247.7681114008634
7.86,wrist,-11.557698641636808,-10.060478809078255,-29.185324051127726,385.52302258625866
7.87,shoulder,-13.451496482700943,-6.643051707601172,-37.032989146878315,9.90535490465686
7.87,elbow,11.914436719043433,24.211984369316617,-45.929317757033225,-243.47572339342287
7.87,wrist,-10.934529411321181,-10.312627935925672,-25.21491268474163,397.0411366386095
7.88,shoulder,-13.78739581864464,-7.012332584196627,-36.92808765954543,10.49014873328781
7.88,elbow,11.04373658054041,23.72879688632207,-48.31874829945497,-238.94305424217384
7.88,wrist,-10.268206588930383,-10.52407783170154,-21.14498957758674,406.9923107154892
7.890000000000001,shoulder,-14.121117964960005,-7.380506132187499,-36.81735479908715,11.073286045828354
7.890000000000001,elbow,10.162137607358767,23.222191945613087,-50.66049407089835,-234.1745771443385
7.890000000000001,wrist,-9.561359846230365,-10.693994000269498,-16.991616856795922,415.3372720790818
7.9,shoulder,-14.452610223051467,-7.747514212702557,-36.70080805150577,11.65467475813847
7.9,elbow,9.270509831248404,22.692669505102995,-52.95224405100936,-229.1749980111008
7.9,wrist,-8.816778784387077,-10.821705860139524,-12.771185987002637,422.04308697932845
7.91,shoulder,-14.781820246448735,-8.113298870911395,-36.57846582088378,12.234223062199021
7.91,elbow,8.369733181176915,22.140752139510557,-55.191736559243886,-223.94925082345242
7.91,wrist,-8.037401924684978,-10.906709390946709,-8.500353080718579,427.08329062840585
7.92,shoulder,-15.108696049072794,-8.47780234517617,-36.450347426477634,12.811839440614278
7.92,elbow,7.4606966149456335,21.56698452464182,-57.376761486873576,-218.5024927629688
7.92,wrist,-7.2263051115257175,-10.948669122589378,-4.195973164266813,430.43799164517657
7.930000000000001,shoulder,-15.433186013445185,-8.840967076172841,-36.31647309966703,13.387432681060488
7.930000000000001,elbow,6.544297241896221,20.97193289986086,-59.50516247809611,-212.84009912225315
7.930000000000001,wrist,-6.386689373476034,-10.947419459176311,0.12496634130655249,432.09395055733654
7.94,shoulder,-15.755238898838892,-9.202735715980442,-36.17686398076009,13.960911890694206
7.94,elbow,5.621439437571739,20.35618450927988,-61.57483905809805,-206.96765800019398
7.94,wrist,-5.5218682902701675,-10.902965332558088,4.445412661822419,432.04463205158663
7.95,shoulder,-16.074803849369896,-9.563051137136993,-36.031542115655064,14.532186510502527
7.95,elbow,4.693033951206985,19.72034702222018,-63.583748705970024,-200.89096478719728
7.95,wrist,-4.635254915624264,-10.81548218286331,8.74831496947789,430.29023076554716
7.96,shoulder,-16.39183040202805,-9.921856441660584,-35.88053045235908,15.1011663295983
7.96,elbow,3.7599970069291384,19.0650479335159,-65.52990887042824,-194.6160164458223
7.96,wrist,-3.7303483074728296,-10.685315266116572,13.016691674673812,426.83767051959217
7.97,shoulder,-16.706268494645645,-10.279094970034228,-35.72385283736438,15.667761499470203
7.97,elbow,2.8232493995554995,18.390933944252367,-67.41139892635309,-188.14900559248497
7.97,wrist,-2.810719718785935,-10.512978291670667,17.23369744459051,421.70057699166995
7.98,shoulder,-17.01806847380268,-10.634710310153054,-35.561534011882614,16.231882548177055
7.98,elbow,1.8837155858794237,17.69867032355022,-69.22636207021448,-181.49631438613972
7.98,wrist,-1.879998503464582,-10.299151394830458,21.382689684020896,414.8992239430386
7.99,shoulder,-17.32718110266804,-10.988646306232434,-35.393599607938,16.793440394461527
7.99,elbow,0.9423227723438231,16.988940252025095,-70.97300715251258,-174.66450822981017
7.99,wrist,-0.9418577929396714,-10.044678452669556,25.44729421609018,406.4604532069286
8.0,shoulder,-17.633557568774183,-11.34084706767563,-35.22007614431966,17.352346361834066
8.0,elbow,3.306546357697854e-14,16.262444147570836,-72.6496104454261,-167.66032929135292
8.0,wrist,-2.939152317953648e-14,-9.750563753633042,29.411469903651373,396.41756875611924
8.01,shoulder,-17.93714949172554,-11.69125697789957,-35.04099102239405,17.908512192560977
8.01,elbow,-0.9423227723437572,15.519898974131598,-74.25451734392372,-160.49068984976225
8.01,wrist,0.9418577929396128,-9.417968034069789,33.259571956325274,384.8102052673904
8.02,shoulder,-18.23790893083816,-12.03982070311735,-34.85637252177796,18.461850061608857
8.02,elbow,-1.8837155858793575,14.762037534145003,-75.78614399865945,-153.1626654735726
8.02,wrist,1.879998503464524,-9.048203897336382,36.97641367334068,371.68417170154066
8.03,shoulder,-18.535788392710007,-12.386483201076079,-34.66624979587279,19.012272590517398
8.03,elbow,-2.8232493995553276,13.989607745354597,-77.24297887904052,-145.68348803810636
8.03,wrist,2.8107197187857724,-8.642730633551343,40.5473263785039,357.0912705163215
8.040000000000001,shoulder,-18.830740838721013,-12.731189729748689,-34.47065286726094,19.559692861184885
8.040000000000001,elbow,-3.7599970069291793,13.203371902705339,-78.62358426492592,-138.06053858854023
8.040000000000001,wrist,3.730348307472876,-8.203148460443717,43.95821731076265,341.0890932258751
8.05,shoulder,-19.122719692460716,-13.073885855978338,-34.26961262296487,20.104024429606397
8.05,elbow,-4.693033951206919,12.404105926050518,-79.92659766548216,-130.30134005562422
8.05,wrist,4.635254915624208,-7.731192208024768,47.195625241894966,323.7407931132318
8.06,shoulder,-19.411678847083333,-13.414517464074034,-34.06316080956968,20.645181339519127
8.06,elbow,-5.621439437571779,11.592598594412541,-81.15073316379768,-122.41354983155179
8.06,wrist,5.521868290270211,-7.2287244720064905,50.246773601827755,305.1148359932789
8.07,shoulder,-19.69757267258868,-13.753030764356135,-33.851330028209965,21.183078135971584
8.07,elbow,-6.54429724189626,10.76965076755327,-82.29478268592725,-114.404952212956
8.07,wrist,6.386689373476077,-6.697728262987277,53.09962090192137,285.2847300093613
8.08,shoulder,-19.980356023027557,-14.089372301650352,-33.63415372942173,21.717629878822834
8.08,elbow,-7.46069661494557,9.936074595622117,-83.35761719311527,-106.28345071880335
8.08,wrist,7.226305111525666,-6.140299180415034,55.7429082572243,264.32873553029344
8.09,shoulder,-20.259984243630726,-14.423488963728953,-33.411666207860144,22.2487521561589
8.09,elbow,-8.36973318117685,9.092692717661908,-84.33818779602082,-98.05706029055455
8.09,wrist,8.037401924684929,-5.55863714221355,58.16620382014838,242.32955629240837
8.1,shoulder,-20.536413177860634,-14.755327989697793,-33.183902596884,22.776361097613915
8.1,elbow,-9.27050983124834,8.240337449763464,-85.23552678984447,-89.73389938236505
8.1,wrist,8.816778784387031,-4.9550377027115,60.35994395020511,219.3740130056724
8.11,shoulder,-20.809599174384108,-15.084836978327871,-32.95089886300781,23.30037338761946
8.11,elbow,-10.162137607358705,7.379849963670099,-86.04874860933643,-81.32218194919642
8.11,wrist,9.561359846230317,-4.331882993138242,62.31547095732574,195.55270071206382
8.120000000000001,shoulder,-21.079499093965495,-15.411963896330093,-32.71269180022223,23.82070627855751
8.120000000000001,elbow,-11.043736580540347,6.512079456642676,-86.77705070274233,-72.83020934058982
8.120000000000001,wrist,10.268206588930338,-3.6916323204401573,64.02506726980849,170.9596312482745
8.13,shoulder,-21.346070316278563,-15.736657086571931,-32.46931902418384,24.337277603839027
8.13,elbow,-11.91443671904347,5.637882313404426,-87.41971432382493,-64.26636210826064
8.13,wrist,10.934529411321215,-3.036812461519675,65.48198589204823,145.69186222397389
8.14,shoulder,-21.60927074663723,-16.058865276234684,-32.22081896627525,24.850005790858802
8.14,elbow,-12.773378746952178,4.7581212609926276,-87.97610524117991,-55.639091735497004
8.14,wrist,11.55769864163684,-2.370007691201218,66.68047703184573,119.84911397974952
8.15,shoulder,-21.86905882264235,-16.378537584910045,-31.9672308675363,25.358809873895325
8.15,elbow,-13.619714992186445,3.8736645173511697,-88.44567436414576,-46.956912296585415
8.15,wrist,12.13525491562424,-1.69384958327911,67.61581079221078,93.53337603650493
8.16,shoulder,-22.12539352074521,-16.69562353263472,-31.708594772467464,25.863609506883847
8.16,elbow,-14.452610223051447,2.985384934504271,-88.82795828468984,-38.228392054408005
8.16,wrist,12.664918882530221,-1.011006624898065,68.28429583810453,66.84850458937399
8.17,shoulder,-22.37823436272544,-17.010073047861784,-31.444951522706354,26.364324976110908
8.17,elbow,-15.271242472511076,2.0941591371569084,-89.12257973473626,-29.462145004642707
8.17,wrist,13.144600200657921,-0.32417368525353907,68.68329396445259,39.899812634806494
8.18,shoulder,-22.62754142208311,-17.32183647536757,-31.176342750578375,26.860877212797845
8.18,elbow,-16.07480384936988,1.2008666575720683,-89.32924795848399,-20.66682237477221
8.18,wrist,13.572405786990286,0.3639386198258133,68.81123050793524,12.793654348264681
8.19,shoulder,-22.873275330343418,-17.630864584092794,-30.902810872522444,27.353187805593024
8.19,elbow,-16.862501335563852,0.30638906757859374,-89.44775899934746,-11.851104086347277
8.19,wrist,13.946647288323742,1.0506146254404527,68.66760056146394,-14.362994647129426
8.2,shoulder,-23.11539728327364,-17.937108574916724,-30.624399082392987,27.8411790129457
8.2,elbow,-17.63355756877408,-0.5883908914337799,-89.47799590123736,-3.0236901889909404
8.2,wrist,14.265847744427262,1.7331443351086442,68.25297096681916,-41.46295946447822
8.21,shoulder,-23.35386904701072,-18.240520088363116,-30.341151344639147,28.32477377538413
8.21,elbow,-18.387211609589304,-1.4825901796736018,-89.41992882398219,5.806707725516844
8.21,wrist,14.528747416929471,2.408834115884492,67.56897807758476,-68.3992889234404
8.22,shoulder,-23.58865296409857,-18.541051212236738,-30.053112387362198,28.803895727694965
8.22,elbow,-19.122719692460738,-2.375326330401368,-89.27361507277661,14.631375120558005
8.22,wrist,14.734308760930343,3.0750173288965708,66.61832130120789,-95.06567763768805
8.23,shoulder,-23.819711959435047,-18.838654489189263,-29.760327695252546,29.278469210965227
8.23,elbow,-19.839355959709557,-3.2657183208176512,-89.03919904162832,23.441603114828013
8.23,wrist,14.881720519717168,3.729064853353282,65.40475244567111,-121.35688555367835
8.24,shoulder,-24.0470095461263,-19.133282924213336,-29.462843502407157,29.74841928453887
8.24,elbow,-20.53641317786062,-4.1528874415262385,-88.71691207085871,32.22869707696168
8.24,wrist,14.97040092642407,4.368395462481486,63.93306091282036,-147.1691532850748
8.25,shoulder,-24.270509831248418,-19.424889992063623,-29.160706785028616,30.213671737853986
8.25,elbow,-21.21320343559642,-5.035958163714216,-88.30707221879777,40.983985206093735
8.25,wrist,15.0,4.990486010449325,62.20905479678391,-172.40061160364462
8.26,shoulder,-24.4901775215155,-19.713429644603693,-28.853965254007075,30.674153102153895
8.26,elbow,-21.8690588226423,-5.914059003193206,-87.81008394789889,49.69882708988814
8.26,wrist,14.970400926424077,5.592881390070108,60.23953796207829,-196.95168347056233
8.27,shoulder,-24.70597792885282,-19.998856318077554,-28.54266734738616,31.129790662091466
8.27,elbow,-22.503332088913705,-6.786323380449039,-87.22643772558332,58.36462223155672
8.27,wrist,14.881720519717183,6.173204221988742,58.03228319186342,-220.72547702148665
8.28,shoulder,-24.917876975874364,-20.281124940304693,-28.226862222713994,31.580512467216863
8.28,elbow,-23.115397283273627,-7.651890475851119,-86.55670954020808,66.97281853752452
8.28,wrist,14.734308760930345,6.729164237111927,55.59600151231856,-243.62816795448646
8.290000000000001,shoulder,-25.125841201264254,-20.5601909377975,-27.906599749280698,32.02624734332949
8.290000000000001,elbow,-23.70465037127076,-8.509906079177469,-85.80156033263489,75.51492075731835
8.290000000000001,wrist,14.528747416929447,7.258567315253943,52.9403078142016,-265.5693698116954
8.3,shoulder,-25.329837765060468,-20.836010242799937,-27.58193050024343,32.46692490372689
8.3,elbow,-24.270509831248432,-9.359523432617081,-84.96173534396128,83.98249886736085
8.3,wrist,14.265847744427296,7.759324144326623,50.075682907268025,-286.4624906933575
8.31,shoulder,-25.52983445384076,-21.10853930024634,-27.252905744640284,32.902475560314514
8.31,elbow,-24.812417228236832,-10.199904066417659,-84.03806338005778,92.36719639035039
8.31,wrist,13.946647288323783,8.229458465899652,47.01343215730287,-306.22507499651556
8.32,shoulder,-25.72579968580956,-21.377735074639283,-26.91957743929435,33.332830534593455
8.32,elbow,-25.329837765060457,-11.030218626354024,-83.03145599363653,100.66073864212535
8.32,wrist,13.572405786990288,8.667114874589721,43.76564086900692,-324.77912882959515
8.33,shoulder,-25.917702515785066,-21.643555056845372,-26.581998220609115,33.757921868523454
8.33,elbow,-25.822260810118284,-11.84964769220061,-81.9429065846587,108.85494089778274
8.33,wrist,13.144600200657978,9.070566140497926,40.34512659082042,-342.05142781865027
8.34,shoulder,-26.105512640085763,-21.90595727080794,-26.240221396256544,34.17768243525728
8.34,elbow,-26.289200401315906,-12.6573825864003,-80.77348941996884,116.94171646898667
8.34,wrist,12.664918882530227,9.438220025797076,36.76538852991499,-357.97380609054267
8.35,shoulder,-26.28920040131589,-22.16490028017553,-25.8943009367592,34.59204594973423
8.35,elbow,-26.730195725651008,-13.452626172131529,-79.52435857312301,124.91308468458362
8.35,wrist,12.135254915624245,9.768625568566979,33.04055427699033,-372.4834252924664
8.36,shoulder,-26.46873679304857,-22.420343194845206,-25.54429146696768,35.00094697915199
8.36,elbow,-27.144811573980533,-14.234593639986105,-78.19674678545765,132.76117876653586
8.36,wrist,11.557698641636913,10.060478809078257,29.18532405112782,-385.5230225862505
8.370000000000001,shoulder,-26.644093464406346,-22.672245677419554,-25.190248257434725,35.40432095329584
8.370000000000001,elbow,-27.532638770519448,-15.002513282481333,-76.79196424952274,140.47825359349122
8.370000000000001,wrist,10.934529411321147,10.312627935925674,25.214912684741684,-397.0411366386139
8.38,shoulder,-26.815242724537914,-22.920567949576427,-24.83222721568729,35.80210417474339
8.38,elbow,-27.893294576647573,-15.75562725564213,-75.31139731607975,148.05669334429842
8.38,wrist,10.268206588930267,10.524077831701542,21.14498957758669,-406.99231071549946
8.39,shoulder,-26.982157546991147,-23.16527079835041,-24.470284877398196,36.19423382890952
8.39,elbow,-28.226423068626772,-16.49319232690154,-73.75650712594097,155.48901901387842
8.39,wrist,9.561359846230324,10.6939940002695,16.991616856795844,-415.3372720790844
8.4,shoulder,-27.14481157398059,-23.406315582324993,-24.10447839745841,36.580647993978346
8.4,elbow,-28.531695488854595,-17.21448060858154,-72.12882816799988,162.7678957941083
8.4,wrist,8.816778784387122,10.821705860139526,12.771185987002607,-422.0430869793238
8.41,shoulder,-27.303179120549864,-23.64366423773451,-23.734865540951688,36.961285650672465
8.41,elbow,-28.808810570308296,-17.918780276230297,-70.42996676487596,169.8861403123933
8.41,wrist,8.037401924684936,10.90670939094671,8.500353080718519,-427.0832906284089
8.42,shoulder,-27.457235178627514,-23.877279284474838,-23.361504674032755,37.336086691893314
8.42,elbow,-29.05749483385892,-18.605396271106976,-68.66159948766801,176.836727720794
8.42,wrist,7.2263051115257655,10.94866912258938,4.1959731642668,-430.4379916451719
8.43,shoulder,-27.606955420976107,-24.107123832021944,-22.984454754710644,37.7049919322113
8.43,elbow,-29.2775028581624,-19.27365098612079,-66.8254715013811,183.6127986286907
8.43,wrist,6.38668937347618,10.947419459176315,-0.12496634130644768,-432.0939505573247
8.44,shoulder,-27.75231620503373,-24.33316158525733,-22.603775323538507,38.06794311721376
8.44,elbow,-29.468617521860647,-19.92288493454738,-64.92339484265929,190.20766587218168
8.44,wrist,5.521868290270218,10.902965332558091,-4.445412661822294,-432.0446320515846
8.45,shoulder,-27.89329457664752,-24.555356850199445,-22.219526494211504,38.42488293270043
8.45,elbow,-29.630650217854114,-20.55245740086262,-62.957246631524214,196.61482111350745
8.45,wrist,4.635254915624317,10.815482182863313,-8.748314969477747,-430.2902307655453
8.46,shoulder,-28.02986827369837,-24.773674539640187,-21.831768944074152,38.77575501373505
8.46,elbow,-29.76344103943434,-21.161747073051465,-60.92896721888434,202.82794126398744
8.46,wrist,3.7303483074727795,10.685315266116575,-13.016691674673734,-426.83767051959876
8.47,shoulder,-28.162015729616225,-24.98808017868557,-21.440563904538635,39.12050395355166
8.47,elbow,-29.8668589380924,-21.75015265576789,-58.84055827164278,208.840894724156
8.47,wrist,2.8107197187858843,10.51297829167067,-17.23369744459049,-421.7005769916755
8.48,shoulder,-28.28971607678593,-25.198539910199727,-21.045973151415687,39.45907531229477
8.48,elbow,-29.94080185284815,-22.31709346374083,-56.6940807972938,214.64774743489784
8.48,wrist,1.879998503464531,10.299151394830462,-21.382689684020924,-414.89922394304335
8.49,shoulder,-28.41294914984233,-25.405020500151323,-20.648058995159474,39.7914156256214
8.49,elbow,-29.985196810971946,-22.862009994840403,-54.49165310995721,220.24276873365864
8.49,wrist,0.9418577929397264,10.04467845266956,-25.447294216090164,-406.46045320692394
8.5,shoulder,-28.531695488854602,-25.607489342861605,-20.246884271028026,40.11747241314464
8.5,elbow,-30.0,-23.384364482238983,-52.23544873985811,225.6204370099107
8.5,wrist,-2.2062211803750007e-14,9.750563753633045,-29.4114699036514,-396.41756875612384
8.51,shoulder,-28.645936342399278,-25.805914466153215,-19.842512329160854,40.437194186717306
8.51,elbow,-29.98519681097195,-23.883641425122132,-49.92769428831491,230.7754451543193
8.51,wrist,-0.9418577929396642,9.417968034069792,-33.259571956325345,-384.8102052673944
8.52,shoulder,-28.755653670521276,-26.000264536398966,-19.43500702457521,40.750530458564384
8.52,elbow,-29.940801852848153,-24.35934809742566,-47.57066723035273,235.70270579621763
8.52,wrist,-1.8799985034644693,9.048203897336386,-36.9764136733407,-371.68417170153543
8.53,shoulder,-28.86083014758257,-26.19050886346979,-19.024432707082635,41.057431749257574
8.53,elbow,-29.866858938092406,-24.811015034096762,-45.16669366711045,240.39735632422799
8.53,wrist,-2.8107197187858226,8.642730633551347,-40.54732637850395,-357.0912705163255
8.540000000000001,shoulder,-28.961449164998218,-26.376617405581065,-18.610854211127396,41.357849595524016
8.540000000000001,elbow,-29.763441039434323,-25.23819649439936,-42.71814603025973,244.85476368507176
8.540000000000001,wrist,-3.7303483074729256,8.20314846044372,-43.95821731076274,-341.0890932258785
8.55,shoulder,-29.057494833858943,-26.55856077403655,-18.194336845548357,41.65173655790406
8.55,elbow,-29.63065021785412,-25.640470901806374,-40.22744074070142,249.07052895583115
8.55,wrist,-4.635254915624258,7.731192208024768,-47.19562524189509,-323.7407931132342
8.56,shoulder,-29.14895198744022,-26.73631023786921,-17.774946383265956,41.939046228240045
8.56,elbow,-29.46861752186066,-26.017441260044873,-37.697035823849816,253.0404916851598
8.56,wrist,-5.5218682902701595,7.22872447200649,-50.24677360182782,-305.1148359932729
8.57,shoulder,-29.23580618359731,-26.909837728378168,-17.35274905089592,42.21973323700351
8.57,elbow,-29.277502858162414,-26.368735544883457,-35.12942848385836,256.7607339991453
8.57,wrist,-6.386689373476124,6.697728262987275,-53.099620901921455,-285.2847300093639
8.58,shoulder,-29.318043707045806,-27.07911584356108,-16.9278115182913,42.49375326046183
8.58,elbow,-29.05749483385894,-26.694007071275262,-32.52715263918065,260.2275844677714
8.58,wrist,-7.22630511152571,6.140299180415031,-55.74290825722441,-264.3287355302955
8.59,shoulder,-29.395651571527402,-27.244117852441224,-16.500200888014525,42.76106302767752
8.59,elbow,-28.808810570308314,-26.99293483549425,-29.8927764218988,263.4376217281847
8.59,wrist,-8.037401924684882,5.558637142213547,-58.16620382014843,-242.32955629240257
8.6,shoulder,-29.468617521860654,-27.404817699288635,-16.069984684741137,43.02162032733901
8.6,elbow,-28.53169548885462,-27.26522383192712,-27.228899643287168,266.3876778611634
8.6,wrist,-8.81677878438707,4.955037702711495,-60.35994395020518,-219.37401300567456
8.61,shoulder,-29.53693003587615,-27.561190007734606,-15.637230844596852,43.27538401442851
8.61,elbow,-28.226423068626797,-27.510605344208244,-24.538151228112515,269.0748415174654
8.61,wrist,-9.561359846230276,4.331882993138238,-62.315470957325765,-195.55270071205882
8.620000000000001,shoulder,-29.600578326236047,-27.713210084778904,-15.202007704429679,43.522314016717175
8.620000000000001,elbow,-27.89329457664752,-27.72883721041027,-21.823186620202577,271.49646079099364
8.620000000000001,wrist,-10.268206588930378,3.6916323204401524,-64.02506726980853,-170.9596312482771
8.63,shoulder,-29.65955234213742,-27.860853924689092,-14.764383991018711,43.76237134109678
8.63,elbow,-27.532638770519434,-27.919704062028707,-19.086685161843768,273.65014583588106
8.63,wrist,-10.934529411321176,3.03681246151967,-65.48198589204823,-145.6918622239698
8.64,shoulder,-29.713842770899543,-28.004098212791305,-14.324428810221395,43.99551807973165
8.64,elbow,-27.144811573980565,-28.083017536524643,-16.33134744959363,275.5337712250137
8.64,wrist,-11.557698641636872,2.3700076912012125,-66.68047703184574,-119.84911397975179
8.65,shoulder,-29.763441039434337,-28.142920329151913,-13.882211636060896,44.2217174160499
8.65,elbow,-26.73019572565104,-28.218616463215824,-13.55989266911823,277.14547804753977
8.65,wrist,-12.135254915624209,1.6938495832791047,-67.61581079221077,-93.53337603650198
8.66,shoulder,-29.80833931560025,-28.277298352149465,-13.43780229975536,44.44093363055369
8.66,elbow,-26.28920040131594,-28.326367022332665,-10.775055911684113,278.4836757434117
8.66,wrist,-12.664918882530193,1.01100662489806,-68.28429583810448,-66.84850458937171
8.67,shoulder,-29.848530509439,-28.407211061936373,-12.991270978690745,44.65313210646143
8.67,elbow,-25.82226081011832,-28.4061628770822,-7.979585474953412,279.5470436730701
8.67,wrist,-13.144600200657948,0.3241736852535343,-68.68329396445257,-39.899812634808995
8.68,shoulder,-29.884008274295173,-28.532637943789762,-12.542688185339005,44.85827933517395
8.68,elbow,-25.329837765060496,-28.45792527858966,-5.176240150745981,280.33453242074313
8.68,wrist,-13.572405786990261,-0.36393861982581766,-68.81123050793519,-12.793654348262407
8.69,shoulder,-29.914767007818416,-28.653559191350997,-12.092124756123345,45.0563429215659
8.69,elbow,-24.81241722823687,-28.48160314361411,-2.36778650244479,280.8453648301191
8.69,wrist,-13.946647288323762,-1.0506146254404567,-68.66760056146391,14.362994647127607
8.700000000000001,shoulder,-29.94080185284815,-28.76995570975332,-11.63965184023234,45.24729158910064
8.700000000000001,elbow,-24.270509831248415,-28.47717310496143,0.44300386526800173,281.07903677127916
8.700000000000001,wrist,-14.26584774442731,-1.7331443351086486,-68.25297096681918,41.46295946447435
8.71,shoulder,-29.96210869818053,-28.881809118637165,-11.185340888384637,45.4310951847703
8.71,elbow,-23.704650371270674,-28.444639534544926,3.253357041650296,281.0353176382294
8.71,wrist,-14.528747416929484,-2.4088341158844964,-67.56897807758477,68.39928892343994
8.72,shoulder,-29.978684179217677,-28.989101755052626,-10.729263641546071,45.60772468385662
8.72,elbow,-23.115397283273673,-28.384034539070775,6.060499547415013,280.71425057647167
8.72,wrist,-14.734308760930332,-3.075017328896575,-66.61832130120789,95.06567763768942
8.73,shoulder,-29.990525678498997,-29.091816676248637,-10.271492119600934,45.77715219451373
8.73,elbow,-22.50333208891375,-28.29541792835258,8.861661071819427,280.1161524404413
8.73,wrist,-14.881720519717176,-3.7290648533532864,-65.40475244567111,121.35688555367813
8.74,shoulder,-29.997631326114483,-29.18993766234843,-9.812098609979197,45.939350962173634
8.74,elbow,-21.86905882264235,-28.17887715628631,11.654077206627234,279.24161348078064
8.74,wrist,-14.970400926424073,-4.36839546248149,-63.93306091282036,147.1691532850748
8.75,shoulder,-30.0,-29.283449218910846,-9.351155656241488,46.094295373770805
8.75,elbow,-21.21320343559647,-28.034527234543848,14.43499217424587,278.0914967618636
8.75,wrist,-15.0,-4.990486010449329,-62.20905479678391,172.40061160364496
8.76,shoulder,-29.997631326114483,-29.372336579377084,-8.888736046623624,46.24196096178642
8.76,elbow,-20.53641317786067,-27.862510619070385,17.201661547346273,276.6669373100402
8.76,wrist,-14.970400926424073,-5.5928813900701115,-60.23953796207828,196.951683470563
8.77,shoulder,-29.990525678498997,-29.45658570740251,-8.424912802542499,46.38232440811245
8.77,elbow,-19.83935595970961,-27.66299706949757,19.951354957281186,274.9693409934912
8.77,wrist,-14.881720519717177,-6.173204221988746,-58.03228319186341,220.72547702148722
8.78,shoulder,-29.97868417921768,-29.536183299073162,-7.959759167065167,46.5153635477332
8.78,elbow,-19.12271969246079,-27.436183481611277,22.681358788629513,273.0003831348326
8.78,wrist,-14.734308760930354,-6.729164237111931,-55.59600151231855,243.6281679544859
8.790000000000001,shoulder,-29.962108698180526,-29.61111678500659,-7.493348593342899,46.6410573722268
8.790000000000001,elbow,-18.38721160958928,-27.182293693039206,25.38897885720717,270.76200685776564
8.790000000000001,wrist,-14.528747416929459,-7.258567315253947,-52.9403078142016,265.5693698116945
8.8,shoulder,-29.940801852848143,-29.681374332336713,-7.025754733012088,46.7593860330811
8.8,elbow,-17.633557568774137,-26.901578262350192,28.071543068901352,268.2564211694181
8.8,wrist,-14.265847744427282,-7.7593241443266265,-50.07568290726802,286.46249069335886
8.81,shoulder,-29.91476700781842,-29.746944846582352,-6.557051424563804,46.87033084482845
8.81,elbow,-16.86250133556391,-26.594314221783144,30.726404056704958,265.4860987803607
8.81,wrist,-13.946647288323765,-8.229458465899654,-47.013432157302844,306.22507499651715
8.82,shoulder,-29.884008274295176,-29.80781797339919,-6.087312681683829,46.97387428799745
8.82,elbow,-16.074803849369935,-26.26080480384966,33.350941793348284,262.45377366433297
8.82,wrist,-13.572405786990313,-8.667114874589723,-43.765640869006916,324.7791288295928
8.83,shoulder,-29.848530509439,-29.86398410021484,-5.616612681565048,47.07000001187813
8.83,elbow,-15.27124247251114,-25.901379142080163,35.942566176949605,259.1624383601318
8.83,wrist,-13.144600200657951,-9.070566140497927,-40.34512659082039,342.0514278186524
8.84,shoulder,-29.80833931560025,-29.91543435774678,-5.145025753194008,47.158692837103956
8.84,elbow,-14.452610223051508,-25.516391946208834,38.49871958713285,255.6153410183241
8.84,wrist,-12.664918882530255,-9.438220025797078,-36.76538852991499,357.97380609054005
8.85,shoulder,-29.76344103943434,-29.962160621402916,-4.672626365613512,47.23993875804961
8.85,elbow,-13.619714992186507,-25.10622315211793,41.0168794090903,251.8159821957455
8.85,wrist,-12.135254915624277,-9.768625568566982,-33.040554276990356,372.48342529246395
8.86,shoulder,-29.713842770899547,-30.004155512564548,-4.199489116163083,47.313724945042864
8.86,elbow,-12.773378746952242,-24.67127754688694,43.494560523098876,247.76811140085772
8.86,wrist,-11.557698641636879,-10.06047880907826,-29.185324051127818,385.52302258625394
8.870000000000001,shoulder,-29.659552342137417,-30.04141239975154,-3.725688718699184,47.38003974638992
8.870000000000001,elbow,-11.914436719043339,-24.21198436931661,45.929317757033175,243.47572339342958
8.870000000000001,wrist,-10.934529411321112,-10.312627935925677,-25.21491268474165,397.041136638617
8.88,shoulder,-29.60057832623604,-30.07392539966951,-3.2512999917970493,47.43887269021347
8.88,elbow,-11.043736580540312,-23.728796886322062,48.318748299454974,238.94305424217987
8.88,wrist,-10.268206588930308,-10.524077831701545,-21.14498957758669,406.99231071549593
8.89,shoulder,-29.536930035876157,-30.101689378138868,-2.7763978469359447,47.490214486110474
8.89,elbow,-10.16213760735877,-23.22219194561308,50.66049407089835,234.17457714433772
8.89,wrist,-9.561359846230367,-10.693994000269504,-16.991616856795876,415.33727207908123
8.9,shoulder,-29.468617521860658,-30.124699950905566,-2.301057276669785,47.53405702661597
8.9,elbow,-9.270509831248408,-22.692669505102987,52.95224405100935,229.17499801110012
8.9,wrist,-8.81677878438708,-10.821705860139529,-12.771185987002596,422.0430869793278
8.91,shoulder,-29.39565157152741,-30.142953484333415,-1.8253533427849398,47.570393388484526
8.91,elbow,-8.369733181176919,-22.14075213951055,55.19173655924387,223.94925082345196
8.91,wrist,-8.037401924684982,-10.906709390946714,-8.500353080718543,427.0832906284053
8.92,shoulder,-29.31804370704581,-30.156447095977885,-1.3493611644471026,47.59921783378371
8.92,elbow,-7.460696614945638,-21.566984524641814,57.376761486873555,218.50249276296825
8.92,wrist,-7.226305111525721,-10.948669122589383,-4.195973164266782,430.43799164517617
8.93,shoulder,-29.23580618359732,-30.165178655041277,-0.8731559063391079,47.62052581079948
8.93,elbow,-6.544297241896328,-20.971932899860853,59.50516247809602,212.84009912224656
8.93,wrist,-6.386689373476134,-10.947419459176318,0.12496634130650275,432.0939505573284
8.94,shoulder,-29.148951987440228,-30.16914678270919,-0.3968127667915594,47.634313954754845
8.94,elbow,-5.621439437571848,-20.356184509279874,61.5748390580979,206.96765800018818
8.94,wrist,-5.52186829027027,-10.902965332558095,4.445412661822301,432.0446320515798
8.950000000000001,shoulder,-29.05749483385892,-30.168350852368274,0.07959303409187324,47.64058008834326
8.950000000000001,elbow,-4.693033951206884,-19.720347022220174,63.583748705969946,200.89096478720455
8.950000000000001,wrist,-4.6352549156241665,-10.815482182863317,8.748314969477875,430.29023076555745
8.96,shoulder,-28.96144916499821,-30.162790989705147,0.5559862663125488,47.639323222067546
8.96,elbow,-3.759997006929037,-19.065047933515892,65.52990887042823,194.6160164458289
8.96,wrist,-3.7303483074727297,-10.685315266116579,13.016691674673886,426.83767051960103
8.97,shoulder,-28.860830147582575,-30.15246807268658,1.0322917018565736,47.630543554402486
8.97,elbow,-2.823249399555397,-18.39093394425236,67.41139892635314,188.149005592491
8.97,wrist,-2.8107197187858337,-10.512978291670672,17.23369744459066,421.7005769916774
8.98,shoulder,-28.755653670521284,-30.13738373142084,1.5084341265741668,47.61424247175931
8.98,elbow,-1.8837155858794274,-17.698670323550214,69.22636207021452,181.49631438613812
8.98,wrist,-1.8799985034645859,-10.299151394830462,21.382689684021024,414.8992239430363
8.99,shoulder,-28.645936342399285,-30.11754034790027,1.9843383520568556,47.59042254826888
8.99,elbow,-0.9423227723438269,-16.98894025202509,70.97300715251261,174.66450822980914
8.99,wrist,-0.941857792939675,-10.044678452669558,25.44729421609029,406.46045320692656
9.0,shoulder,-28.531695488854613,-30.092941055625165,2.45992922751057,47.559087545371455
9.0,elbow,-3.6739403974420595e-14,-16.26244414757083,72.64961044542612,167.6603292913518
9.0,wrist,-3.306546357697854e-14,-9.750563753633044,29.411469903651465,396.41756875611725
9.01,shoulder,-28.41294914984234,-30.063589739108934,2.935131651622854,47.5202424112284
9.01,elbow,0.9423227723437534,-15.519898974131591,74.25451734392374,160.49068984976157
9.01,wrist,0.941857792939609,-9.41796803406979,33.25957195632535,384.8102052673888
9.02,shoulder,-28.289716076785936,-30.029491033264712,3.409870584422225,47.4738932799371
9.02,elbow,1.8837155858793537,-14.762037534144996,75.78614399865945,153.16266547357168
9.02,wrist,1.8799985034645201,-9.048203897336384,36.976413673340744,371.6841717015392
9.03,shoulder,-28.162015729616233,-29.990650322673435,3.8840710591278387,47.42004747056138
9.03,elbow,2.823249399555324,-13.989607745354592,77.2429788790405,145.68348803810568
9.03,wrist,2.810719718785769,-8.642730633551345,40.547326378503946,357.0912705163204
9.040000000000001,shoulder,-28.029868273698362,-29.947073740733558,4.357658193987641,47.3587134859802
9.040000000000001,elbow,3.7599970069291753,-13.203371902705333,78.62358426492591,138.06053858853988
9.040000000000001,wrist,3.7303483074728723,-8.203148460443717,43.95821731076269,341.0890932258743
9.05,shoulder,-27.89329457664753,-29.898768168692527,4.83055720410304,47.28990101153995
9.05,elbow,4.693033951206916,-12.404105926050512,79.92659766548215,130.301340055624
9.05,wrist,4.6352549156242056,-7.731192208024767,47.195625241895,323.7407931132309
9.06,shoulder,-27.752316205033736,-29.845741234560144,5.3026934132383134,47.213620913527315
9.06,elbow,5.621439437571776,-11.592598594412536,81.15073316379767,122.41354983155145
9.06,wrist,5.521868290270208,-7.22872447200649,50.24677360182778,305.1148359932779
9.07,shoulder,-27.606955420976117,-29.788001311904015,5.7739922656128595,47.129885237454566
9.07,elbow,6.544297241896256,-10.769650767553264,82.29478268592722,114.40495221295555
9.07,wrist,6.386689373476074,-6.697728262987276,53.09962090192139,285.2847300093606
9.08,shoulder,-27.457235178627524,-29.72555751852727,6.244379337674427,47.03870720615676
9.08,elbow,7.460696614945566,-9.936074595622111,83.35761719311525,106.28345071880312
9.08,wrist,7.2263051115256625,-6.140299180415033,55.742908257224315,264.32873553029265
9.09,shoulder,-27.303179120549878,-29.658419715028757,6.71378034985143,46.94010121770032
9.09,elbow,8.369733181176846,-9.092692717661903,84.33818779602079,98.05706029055455
9.09,wrist,8.037401924684925,-5.5586371422135485,58.16620382014839,242.3295562924077
9.1,shoulder,-27.1448115739806,-29.58659850324593,7.1821211782825785,46.83408284311479
9.1,elbow,9.270509831248336,-8.240337449763459,85.23552678984444,89.73389938236483
9.1,wrist,8.816778784387028,-4.955037702711498,60.35994395020511,219.37401300567183
9.11,shoulder,-26.982157546991157,-29.510105224580713,7.649327866521881,46.72066882393031
9.11,elbow,10.162137607358702,-7.379849963670095,86.0487486093364,81.3221819491963
9.11,wrist,9.561359846230316,-4.33188299313824,62.31547095732574,195.55270071206337
9.120000000000001,shoulder,-26.815242724537903,-29.42895195820854,8.115326637217255,46.59987706953733
9.120000000000001,elbow,11.043736580540344,-6.512079456642672,86.77705070274229,72.83020934058936
9.120000000000001,wrist,10.268206588930337,-3.6916323204401555,64.02506726980849,170.95963124827426
9.13,shoulder,-26.644093464406335,-29.34315151917093,8.580043903760757,46.471726654350135
9.13,elbow,11.914436719043467,-5.637882313404424,87.41971432382489,64.26636210826086
9.13,wrist,10.934529411321211,-3.0368124615196734,65.48198589204823,145.69186222397366
9.14,shoulder,-26.468736793048585,-29.252717456351842,9.043406281908835,46.33623781480779
9.14,elbow,12.773378746952174,-4.758121260992625,87.97610524117987,55.63909173549723
9.14,wrist,11.557698641636836,-2.370007691201216,66.68047703184573,119.84911397974906
9.15,shoulder,-26.289200401315902,-29.157664050338138,9.505340601370504,46.19343194616691
9.15,elbow,13.619714992186442,-3.873664517351168,88.44567436414572,46.95691229658564
9.15,wrist,12.135254915624238,-1.6938495832791083,67.61581079221077,93.5333760365047
9.16,shoulder,-26.105512640085777,-29.05800631116452,9.965773917361808,46.04333159913038
9.16,elbow,14.452610223051444,-2.98538493450427,88.8279582846898,38.228392054408005
9.16,wrist,12.66491888253022,-1.0110066248980631,68.28429583810451,66.84850458937399
9.17,shoulder,-25.917702515785077,-28.95375997594327,10.42463352212464,45.8859604762832
9.17,elbow,15.271242472511073,-2.0941591371569075,89.12257973473623,29.462145004642935
9.17,wrist,13.14460020065792,-0.3241736852535374,68.68329396445257,39.89981263480627
9.18,shoulder,-25.725799685809573,-28.84494150637919,10.881846956408149,45.72134342835079
9.18,elbow,16.074803849369875,-1.200866657572068,89.32924795848396,20.66682237477221
9.18,wrist,13.572405786990284,0.36393861982581477,68.81123050793522,12.793654348264454
9.19,shoulder,-25.52983445384077,-28.731568086170082,11.337342020910864,45.54950645027158
9.19,elbow,16.862501335563756,-0.3063890675785941,89.44775899934739,11.85110408634182
9.19,wrist,13.94664728832374,1.050614625440454,68.66760056146393,-14.362994647129426
9.200000000000001,shoulder,-25.329837765060425,-28.613657618293264,11.791046787681857,45.37047667709936
9.200000000000001,elbow,17.63355756877425,0.58839089143378,89.4779959012374,3.0236901890020818
9.200000000000001,wrist,14.265847744427326,1.733144335108646,68.25297096681919,-41.462959464473215
9.21,shoulder,-25.125841201264237,-28.491228722178473,12.242889611478919,45.18428237970622
9.21,elbow,18.38721160958922,1.4825901796736018,89.41992882398219,-5.806707725522301
9.21,wrist,14.528747416929471,2.4088341158844937,67.56897807758479,-68.39928892344096
9.22,shoulder,-24.91787697587438,-28.36430073076765,12.692799141082244,44.990952960332436
9.22,elbow,19.122719692460656,2.3753263304013674,89.27361507277656,-14.63137512056278
9.22,wrist,14.734308760930343,3.075017328896573,66.6183213012079,-95.06567763768862
9.23,shoulder,-24.705977928852832,-28.232893687462035,13.140704330561592,44.79051894793474
9.23,elbow,19.839355959709554,3.2657183208176503,89.0391990416283,-23.441603114827558
9.23,wrist,14.881720519717168,3.729064853353284,65.40475244567111,-121.3568855536787
9.24,shoulder,-24.490177521515513,-28.09702834295708,13.586534450495273,44.583011993368146
9.24,elbow,20.536413177860695,4.152887441526238,88.71691207085873,-32.228697076956905
9.24,wrist,14.97040092642407,4.368395462481487,63.93306091282036,-147.1691532850749
9.25,shoulder,-24.27050983124843,-27.95672615196569,14.030219099139112,44.36846486438391
9.25,elbow,21.213203435596494,5.035958163714216,88.30707221879783,-40.9839852060893
9.25,wrist,15.0,4.9904860104493265,62.20905479678391,-172.40061160364473
9.26,shoulder,-24.04700954612632,-27.812009269830252,14.47168821354373,44.14691144046195
9.26,elbow,21.8690588226423,5.914059003193206,87.81008394789895,-49.69882708988882
9.26,wrist,14.970400926424078,5.59288139007011,60.23953796207829,-196.95168347056233
9.27,shoulder,-23.819711959435065,-27.66290054902407,14.910872080618308,43.91838670745766
9.27,elbow,22.50333208891363,6.786323380449039,87.22643772558332,-58.36462223156195
9.27,wrist,14.881720519717183,6.173204221988744,58.03228319186342,-220.72547702148677
9.28,shoulder,-23.588652964098586,-27.50942353554268,15.347701348139037,43.68292675207289
9.28,elbow,23.11539728327356,7.651890475851119,86.55670954020803,-66.97281853752884
9.28,wrist,14.734308760930345,6.729164237111929,55.59600151231855,-243.62816795448668
9.290000000000001,shoulder,-23.353869047010704,-27.351602465185675,15.782107035700705,43.440568756166755
9.290000000000001,elbow,23.704650371270755,8.509906079177467,85.80156033263485,-75.51492075731812
9.290000000000001,wrist,14.528747416929448,7.258567315253945,52.940307814201596,-265.5693698116953
9.3,shoulder,-23.11539728327366,-27.18946225972958,16.214020545609454,43.19135099087501
9.3,elbow,24.27050983124837,9.35952343261708,84.96173534396121,-83.98249886736414
9.3,wrist,14.265847744427298,7.759324144326625,50.075682907268025,-286.4624906933574
9.31,shoulder,-22.873275330343432,-27.02302852299243,16.643373673715157,42.93531281057031
9.31,elbow,24.812417228236832,10.199904066417657,84.03806338005772,-92.36719639034936
9.31,wrist,13.946647288323785,8.229458465899654,47.01343215730287,-306.22507499651556
9.32,shoulder,-22.627541422083127,-26.852327536790614,17.070098620181664,42.672494646650875
9.32,elbow,25.329837765060457,11.030218626354023,83.03145599363647,-100.66073864212456
9.32,wrist,13.572405786990288,8.667114874589723,43.76564086900692,-324.77912882959527
9.33,shoulder,-22.378234362725458,-26.677386256788683,17.494128000193193,42.40293800115296
9.33,elbow,25.822260810118337,11.849647692200609,81.94290658465869,-108.85494089777876
9.33,wrist,13.14460020065798,9.070566140497927,40.34512659082042,-342.05142781865027
9.34,shoulder,-22.125393520745224,-26.49823230824273,17.91539485459512,42.12668544019283
9.34,elbow,26.28920040131596,12.657382586400297,80.77348941996885,-116.94171646898326
9.34,wrist,12.664918882530229,9.438220025797078,36.76538852991499,-357.97380609054267
9.35,shoulder,-21.86905882264237,-26.314893981638054,18.333832660467657,41.84378058725349
9.35,elbow,26.730195725651008,13.452626172131527,79.52435857312302,-124.91308468458362
9.35,wrist,12.135254915624246,9.76862556856698,33.04055427699033,-372.4834252924664
9.36,shoulder,-21.609270746637247,-26.12740022822175,18.749375341630568,41.55426811629104
9.36,elbow,27.144811573980487,14.234593639986103,78.19674678545763,-132.7611787665387
9.36,wrist,11.557698641636915,10.060478809078258,29.18532405112782,-385.5230225862505
9.370000000000001,shoulder,-21.346070316278542,-25.935780655430975,19.161957279077406,41.25819374468372
9.370000000000001,elbow,27.532638770519448,15.002513282481331,76.79196424952272,-140.478253593491
9.370000000000001,wrist,10.93452941132115,10.312627935925676,25.214912684741684,-397.04113663861375
9.38,shoulder,-21.079499093965477,-25.740065522217602,19.571513321337413,40.955604226000645
9.38,elbow,27.89329457664757,15.755627255642128,75.31139731607973,-148.0566933442983
9.38,wrist,10.26820658893027,10.524077831701543,21.14498957758669,-406.99231071549946
9.39,shoulder,-20.80959917438413,-25.540285734269965,19.97797879476381,40.64654734263962
9.39,elbow,28.226423068626733,16.49319232690154,73.75650712594093,-155.48901901388047
9.39,wrist,9.561359846230328,10.693994000269502,16.991616856795847,-415.33727207908424
9.4,shoulder,-20.536413177860656,-25.3364728391325,20.38128951374643,40.33107189826188
9.4,elbow,28.531695488854595,17.21448060858154,72.12882816799986,-162.76789579410786
9.4,wrist,8.816778784387125,10.821705860139527,12.77118598700261,-422.0430869793237
9.41,shoulder,-20.259984243630743,-25.128659021224028,20.78138179084742,40.009227710098855
9.41,elbow,28.808810570308296,17.918780276230297,70.42996676487593,-169.88614031239285
9.41,wrist,8.037401924684938,10.906709390946713,8.500353080718522,-427.0832906284089
9.42,shoulder,-19.980356023027575,-24.916877096755446,21.17819244685821,39.68106560107876
9.42,elbow,29.05749483385895,18.605396271106976,68.66159948766801,-176.83672772079194
9.42,wrist,7.226305111525769,10.948669122589381,4.195973164266803,-430.43799164517185
9.43,shoulder,-19.6975726725887,-24.701160508547684,21.57165882077625,39.34663739180422
9.43,elbow,29.2775028581624,19.27365098612079,66.8254715013811,-183.6127986286907
9.43,wrist,6.386689373476184,10.947419459176317,-0.12496634130644324,-432.09395055732466
9.44,shoulder,-19.411678847083355,-24.481543320750685,21.961718779699883,39.00599589236316
9.44,elbow,29.468617521860647,19.92288493454738,64.92339484265929,-190.20766587218168
9.44,wrist,5.521868290270222,10.902965332558093,-4.445412661822289,-432.04463205158453
9.450000000000001,shoulder,-19.122719692460652,-24.258060213464287,22.348310728639905,38.65919489400224
9.450000000000001,elbow,29.630650217854164,20.55245740086262,62.95724663152425,-196.6148211135045
9.450000000000001,wrist,4.635254915624118,10.815482182863313,-8.748314969477903,-430.29023076556143
9.46,shoulder,-18.830740838720995,-24.030746477261825,22.73137362024603,38.30628916061241
9.46,elbow,29.76344103943434,21.161747073051465,60.92896721888437,-202.8279412639879
9.46,wrist,3.730348307472783,10.685315266116575,-13.016691674673863,-426.83767051959603
9.47,shoulder,-18.535788392710025,-23.799638007617354,23.110846964447067,37.9473344201038
9.47,elbow,29.86685893809239,21.750152655767895,58.8405582716428,-208.840894724157
9.47,wrist,2.810719718785888,10.512978291670668,-17.233697444590593,-421.7005769916731
9.48,shoulder,-18.237908930838177,-23.564771299237325,23.486670838002972,37.58238735559053
9.48,elbow,29.94080185284814,22.317093463740832,56.69408079729381,-214.64774743489892
9.48,wrist,1.8799985034645348,10.299151394830458,-21.382689684021006,-414.89922394304125
9.49,shoulder,-17.93714949172556,-23.32618344029765,23.85878589396744,37.21150559644684
9.49,elbow,29.985196810971946,22.862009994840406,54.49165310995722,-220.24276873365892
9.49,wrist,0.9418577929397302,10.044678452669556,-25.447294216090228,-406.4604532069222
9.5,shoulder,-17.633557568774204,-23.083912106587057,24.227133371059423,36.83474770919835
9.5,elbow,30.0,23.384364482238986,52.23544873985811,-225.62043700991103
9.5,wrist,8.819313895770708e-14,9.750563753633042,-29.411469903651366,-396.4175687561137
9.51,shoulder,-17.32718110266806,-22.837995555557633,24.59165510294227,36.45217318828449
9.51,elbow,29.985196810971946,23.883641425122136,49.92769428831491,-230.77544515431975
9.51,wrist,-0.9418577929396604,9.417968034069789,-33.25957195632531,-384.8102052673944
9.52,shoulder,-17.018068473802703,-22.588472620283543,24.95229352740886,36.06384244665904
9.52,elbow,29.940801852848153,24.359348097425663,47.57066723035273,-235.70270579621786
9.52,wrist,-1.8799985034644657,9.048203897336382,-36.976413673340666,-371.6841717015353
9.53,shoulder,-16.706268494645666,-22.33538270332883,25.308991695471303,35.6698168062442
9.53,elbow,29.866858938092406,24.811015034096766,45.16669366711045,-240.39735632422816
9.53,wrist,-2.8107197187858195,8.642730633551343,-40.54732637850392,-357.0912705163254
9.540000000000001,shoulder,-16.391830402028074,-22.07876577052529,25.6616932803539,35.270158488259796
9.540000000000001,elbow,29.76344103943431,25.238196494399364,42.718146030259724,-244.85476368507284
9.540000000000001,wrist,-3.7303483074729225,8.203148460443716,-43.958217310762706,-341.0890932258786
9.55,shoulder,-16.07480384936987,-21.818662344661412,26.010342586387758,34.864930603385545
9.55,elbow,29.630650217854125,25.640470901806378,40.22744074070141,-249.07052895583104
9.55,wrist,-4.635254915624254,7.7311922080247655,-47.19562524189505,-323.7407931132343
9.56,shoulder,-15.755238898838869,-21.555113499083355,26.354884557805754,34.45419714179968
9.56,elbow,29.468617521860686,26.017441260044876,37.69703582384982,-253.04049168515843
9.56,wrist,-5.521868290270156,7.228724472006488,-50.24677360182778,-305.114835993273
9.57,shoulder,-15.433186013445209,-21.28816085120899,26.695264787436553,34.03802296307981
9.57,elbow,29.27750285816244,26.36873554488346,35.12942848385838,-256.76073399914407
9.57,wrist,-6.386689373476121,6.697728262987273,-53.099620901921426,-285.28473000936424
9.58,shoulder,-15.108696049072813,-21.017846555956027,27.031429525296097,33.61647378595458
9.58,elbow,29.057494833858943,26.694007071275266,32.52715263918067,-260.22758446777163
9.58,wrist,-7.226305111525708,6.140299180415029,-55.742908257224386,-264.3287355302957
9.59,shoulder,-14.781820246448756,-20.744213299085274,27.363325687075317,33.189616177922034
9.59,elbow,28.808810570308285,26.992934835494253,29.8927764218988,-263.43762172818685
9.59,wrist,-8.037401924684879,5.558637142213545,-58.16620382014841,-242.32955629240246
9.6,shoulder,-14.45261022305149,-20.467304290460046,27.690900862522806,32.75751754474882
9.6,elbow,28.531695488854584,27.265223831927123,27.228899643287143,-266.38767786116574
9.6,wrist,-8.816778784387068,4.955037702711493,-60.35994395020516,-219.37401300567444
9.61,shoulder,-14.121117964960028,-20.187163257222835,28.014103323720988,32.32024611981825
9.61,elbow,28.226423068626797,27.510605344208248,24.53815122811249,-269.07484151746525
9.61,wrist,-9.561359846230273,4.331882993138236,-62.31547095732574,-195.5527007120587
9.620000000000001,shoulder,-13.787395818644615,-19.90383443689029,28.3328820332546,31.877870953360883
9.620000000000001,elbow,27.89329457664748,27.728837210410273,21.82318662020253,-271.49646079099585
9.620000000000001,wrist,-10.268206588930374,3.6916323204401507,-64.02506726980852,-170.95963124827676
9.63,shoulder,-13.451496482700968,-19.61736257036759,28.64718665226996,31.430461901536034
9.63,elbow,27.532638770519434,27.91970406202871,19.086685161843725,-273.6501458358807
9.63,wrist,-10.934529411321176,3.0368124615196685,-65.48198589204821,-145.6918622239698
9.64,shoulder,-13.11347299952796,-19.32779289488335,28.956967548424213,30.978089615425517
9.64,elbow,27.14481157398057,28.083017536524647,16.331347449593594,-275.5337712250132
9.64,wrist,-11.55769864163687,2.370007691201211,-66.68047703184573,-119.84911397975156
9.65,shoulder,-12.773378746952172,-19.03517113684612,29.262175803722748,30.52082552985334
9.65,elbow,26.73019572565109,28.218616463215827,13.559892669118227,-277.1454780475366
9.65,wrist,-12.135254915624207,1.6938495832791036,-67.61581079221075,-93.53337603650198
9.66,shoulder,-12.43126742979854,-18.73954350462368,29.56276322224396,30.058741852121216
9.66,elbow,26.28920040131594,28.32636702233267,10.775055911684108,-278.4836757434119
9.66,wrist,-12.66491888253019,1.011006624898059,-68.28429583810447,-66.84850458937149
9.67,shoulder,-12.087193071409915,-18.44095668124618,29.858682337749947,29.591911550598866
9.67,elbow,25.822260810118323,28.406162877082203,7.979585474953407,-279.54704367307005
9.67,wrist,-13.144600200657944,0.3241736852535333,-68.68329396445256,-39.89981263480877
9.68,shoulder,-11.74121000511608,-18.139457817034362,30.149886421181993,29.120408343204474
9.68,elbow,25.32983776506044,28.457925278589663,5.176240150745941,-280.33453242074665
9.68,wrist,-13.57240578699026,-0.36393861982581854,-68.81123050793518,-12.793654348262407
9.69,shoulder,-11.393372865654063,-17.835094522153966,30.436329488039554,28.644306685755993
9.69,elbow,24.812417228236814,28.48160314361411,2.367786502444719,-280.8453648301222
9.69,wrist,-13.94664728832376,-1.0506146254404576,-68.6676005614639,14.362994647127607
9.700000000000001,shoulder,-11.043736580540292,-17.527914859097546,30.71796630564186,28.16368176023053
9.700000000000001,elbow,24.27050983124835,28.477173104961427,-0.44300386526810254,-281.0790367712821
9.700000000000001,wrist,-14.26584774442731,-1.733144335108649,-68.25297096681916,41.46295946447435
9.71,shoulder,-10.692356361397495,-17.21796733509484,30.99475240027053,27.678609462867144
9.71,elbow,23.70465037127061,28.444639534544923,-3.2533570416504203,-281.0353176382318
9.71,wrist,-14.528747416929482,-2.408834115884497,-67.56897807758476,68.39928892344005
9.72,shoulder,-10.339287695235509,-16.905300894452914,31.266644064192622,27.18916639220899
9.72,elbow,23.115397283273673,28.384034539070772,-6.0604995474151195,-280.7142505764699
9.72,wrist,-14.73430876093033,-3.0750173288965756,-66.61832130120787,95.06567763768953
9.73,shoulder,-9.984586335689619,-16.589964910827288,31.53359836256253,26.695429836990826
9.73,elbow,22.50333208891375,28.295417928352578,-8.861661071819517,-280.1161524404398
9.73,wrist,-14.881720519717176,-3.729064853353287,-65.4047524456711,121.35688555367801
9.74,shoulder,-9.628308294216277,-16.272009179425268,31.79557314020193,26.197477763940185
9.74,elbow,21.869058822642423,28.178877156286305,-11.654077206627267,-279.2416134807751
9.74,wrist,-14.970400926424073,-4.36839546248149,-63.933060912820345,147.16915328507457
9.75,shoulder,-9.270509831248436,-15.951483909142704,32.05252702825651,25.695388805457867
9.75,elbow,21.21320343559647,28.034527234543845,-14.434992174245897,-278.0914967618629
9.75,wrist,-15.0,-4.990486010449329,-62.209054796783896,172.40061160364473
9.76,shoulder,-8.911247447311084,-15.628439714635418,32.30441945072864,25.18924224721269
9.76,elbow,20.536413177860673,27.86251061907038,-17.20166154734629,-276.66693731003954
9.76,wrist,-14.970400926424075,-5.5928813900701115,-60.239537962078266,196.95168347056267
9.77,shoulder,-8.550577874099291,-15.30292760832657,32.551210630884796,24.679118015615984
9.77,elbow,19.839355959709536,27.662997069497568,-19.951354957281243,-274.9693409934952
9.77,wrist,-14.881720519717177,-6.173204221988746,-58.0322831918634,220.725477021487
9.78,shoulder,-8.188558065519786,-14.974998992351203,32.79286159753673,24.165096665193005
9.78,elbow,19.122719692460795,27.436183481611273,-22.68135878862956,-273.00038313483145
9.78,wrist,-14.734308760930354,-6.729164237111931,-55.596001512318544,243.62816795448578
9.790000000000001,shoulder,-7.825245188696909,-14.644705650439247,33.02933419119551,23.647259365877915
9.790000000000001,elbow,18.387211609589194,27.1822936930392,-25.38897885720726,-270.76200685776996
9.790000000000001,wrist,-14.52874741692946,-7.258567315253947,-52.9403078142016,265.5693698116943
9.8,shoulder,-7.460696614945617,-14.312099739738274,33.26059107009732,23.125687890181155
9.8,elbow,17.633557568774055,26.901578262350185,-28.071543068901477,-268.25642116942157
9.8,wrist,-14.265847744427282,-7.7593241443266265,-50.07568290726802,286.46249069335886
9.81,shoulder,-7.094969910711736,-13.977233782577272,33.48659571610015,22.600464600282976
9.81,elbow,16.862501335563913,26.594314221783133,-30.726404056705064,-265.48609878035865
9.81,wrist,-13.946647288323767,-8.229458465899654,-47.013432157302844,306.22507499651704
9.82,shoulder,-6.728122828481453,-13.640160658172768,33.707312440450465,22.071672435031587
9.82,elbow,16.074803849370028,26.26080480384965,-33.35094179334832,-262.4537736643256
9.82,wrist,-13.572405786990313,-8.667114874589723,-43.765640869006916,324.7791288295928
9.83,shoulder,-6.360213297661628,-13.300933594278579,33.922706389418884,21.539394896841884
9.83,elbow,15.271242472511233,25.901379142080152,-35.94256617694957,-259.16243836012507
9.83,wrist,-13.144600200657953,-9.070566140497927,-40.34512659082039,342.05142781865226
9.84,shoulder,-5.9912994154322226,-12.95960615878054,34.13274354980392,21.00371603850317
9.84,elbow,14.452610223051511,25.516391946208824,-38.498719587132804,-255.6153410183236
9.84,wrist,-12.664918882530257,-9.438220025797078,-36.76538852991499,357.97380609053994
9.85,shoulder,-5.621439437571774,-12.61623225123751,34.337390754303115,20.464720449919298
9.85,elbow,13.619714992186417,25.10622315211792,-41.01687940909031,-251.81598219575073
9.85,wrist,-12.13525491562428,-9.768625568566982,-33.040554276990356,372.4834252924637
9.86,shoulder,-5.2506917692583395,-12.270866094370003,34.53661568675054,19.922493244741872
9.86,elbow,12.773378746952147,24.67127754688693,-43.49456052309893,-247.76811140086272
9.86,wrist,-11.557698641636883,-10.06047880907826,-29.185324051127818,385.52302258625366
9.870000000000001,shoulder,-4.879114955846484,-11.923562225497804,34.7303868872199,19.377120046936454
9.870000000000001,elbow,11.914436719043342,24.2119843693166,-45.92931775703322,-243.4757233934281
9.870000000000001,wrist,-10.934529411321114,-10.312627935925677,-25.21491268474165,397.0411366386168
9.88,shoulder,-4.506767673622711,-11.574375487927881,34.91867375699235,18.8286869772445
9.88,elbow,11.043736580540218,23.728796886322048,-48.31874829945506,-238.94305424218442
9.88,wrist,-10.26820658893031,-10.524077831701545,-21.144989577586692,406.99231071549576
9.89,shoulder,-4.133708720539112,-11.223361022293997,35.101446563388464,18.277280639611945
9.89,elbow,10.162137607358774,23.222191945613062,-50.660494070898416,-234.17457714433567
9.89,wrist,-9.561359846230369,-10.693994000269504,-16.99161685679588,415.3372720790812
9.9,shoulder,-3.75999700692912,-10.870574257849363,35.278676444463336,17.72298810748731
9.9,elbow,9.270509831248411,22.69266950510297,-52.952244051009394,-229.17499801109807
9.9,wrist,-8.816778784387084,-10.821705860139529,-12.771185987002603,422.0430869793276
9.91,shoulder,-3.385691546204467,-10.51607090371372,35.450335413564225,17.165896910089145
9.91,elbow,8.369733181177024,22.140752139510532,-55.191736559243836,-223.949250823444
9.91,wrist,-8.037401924684985,-10.906709390946714,-8.50035308071855,427.08329062840517
9.92,shoulder,-3.010851445536487,-10.15990694007622,35.61639636374998,16.60609501857556
9.92,elbow,7.4606966149457445,21.566984524641796,-57.37676148687345,-218.5024927629613
9.92,wrist,-7.226305111525724,-10.948669122589383,-4.19597316426679,430.43799164517606
9.93,shoulder,-2.6355358965223052,-9.802138609355506,35.77683307207155,16.043670832156806
9.93,elbow,6.544297241896331,20.97193289986084,-59.50516247809591,-212.84009912224656
9.93,wrist,-6.386689373476138,-10.947419459176318,0.12496634130649298,432.09395055732824
9.94,shoulder,-2.2598041658380152,-9.442822407318378,35.93162020371282,15.47871316412727
9.94,elbow,5.621439437571747,20.35618450927986,-61.57483905809786,-206.96765800019455
9.94,wrist,-5.521868290270273,-10.902965332558095,4.4454126618222904,432.04463205157975
9.950000000000001,shoulder,-1.8837155858793522,-9.082015074158464,36.0807333159914,14.911311227858448
9.950000000000001,elbow,4.693033951206887,19.72034702222016,-63.583748705969896,-200.8909647872041
9.950000000000001,wrist,-4.63525491562417,-10.815482182863317,8.748314969477864,430.29023076555734
9.96,shoulder,-1.5073295453930609,-8.719773585536283,36.22414886221825,14.341554622684896
9.96,elbow,3.7599970069290403,19.065047933515878,-65.52990887042819,-194.61601644582845
9.96,wrist,-3.7303483074727333,-10.685315266116579,13.016691674673872,426.83767051960086
9.97,shoulder,-1.1307054800980336,-8.356155143582122,36.36184419541609,13.769533319783989
9.97,elbow,2.8232493995552943,18.390933944252346,-67.41139892635316,-188.1490055924968
9.97,wrist,-2.8107197187858373,-10.512978291670672,17.233697444590646,421.7005769916774
9.98,shoulder,-0.7539028633001454,-7.991217167863166,36.49379757189559,13.195337647950339
9.98,elbow,1.8837155858794308,17.6986703235502,-69.22636207021453,-181.49631438613721
9.98,wrist,-1.8799985034645896,-10.299151394830462,21.38268968402101,414.8992239430363
9.99,shoulder,-0.3769811965005695,-7.625017286316276,36.61998815468898,12.619058279339129
9.99,elbow,0.9423227723438307,16.988940252025074,-70.97300715251261,-174.66450822980755
9.99,wrist,-0.9418577929396788,-10.04467845266956,25.447294216090274,406.46045320692645
